Source,Target,Score
1np1,1ike,0.96565
1qft,1ike,0.64267
1qft,1np1,0.64854
2x45,1ike,0.61527
2x45,1np1,0.61343
2x45,1qft,0.7499
3bu1,1ike,0.61613
3bu1,1np1,0.6181
3bu1,1qft,0.73799
3bu1,2x45,0.93077
4xmf,1ike,0.87572
4xmf,1np1,0.88115
4xmf,1qft,0.63404
4xmf,2x45,0.60522
4xmf,3bu1,0.60776
8pok,7dfl,0.85089
8tgk,8jt5,0.96956
8yuu,7dfl,0.89328
8yuu,8pok,0.8616
