119
1avn_A:A 0.000000 0.875000 0.883268 0.883268 0.879377 0.879377 0.885870 0.885870 0.885714 0.881657 0.885714 0.881657 0.896739 0.896739 0.868966 0.868966 0.881944 0.881944 0.881944 0.854167 0.883041 0.882353 0.869955 0.875000 0.880240 0.887324 0.898833 0.891051 0.898833 0.902724 0.891051 0.891051 0.891051 0.891051 0.891051 0.883268 0.906615 0.898833 0.891051 0.891051 0.891051 0.891051 0.891051 0.891051 0.891051 0.891051 0.891051 0.891051 0.891051 0.891051 0.887160 0.891051 0.891051 0.891051 0.891051 0.891051 0.891051 0.891051 0.891051 0.891051 0.891051 0.894942 0.891051 0.887160 0.894942 0.898833 0.883268 0.883268 0.879377 0.887160 0.902724 0.891051 0.902724 0.894942 0.898833 0.894942 0.894942 0.894942 0.894942 0.894942 0.891051 0.891051 0.891051 0.891051 0.891051 0.891051 0.891051 0.891051 0.891051 0.891051 0.891051 0.891051 0.891051 0.891051 0.891051 0.894942 0.894942 0.891051 0.894942 0.894942 0.894942 0.894942 0.894942 0.894942 0.894942 0.894942 0.894942 0.894942 0.894942 0.894942 0.891051 0.891051 0.898833 0.894942 0.894942 0.902724 0.891051 0.894942 0.891051
1ike_A:A 0.875000 0.000000 0.869565 0.875000 0.869565 0.869565 0.097826 0.097826 0.862857 0.869822 0.862857 0.869822 0.103261 0.103261 0.875862 0.875862 0.854167 0.854167 0.854167 0.881944 0.871345 0.870588 0.891304 0.635870 0.874251 0.891304 0.875000 0.875000 0.875000 0.875000 0.875000 0.875000 0.875000 0.875000 0.875000 0.875000 0.880435 0.875000 0.869565 0.869565 0.869565 0.869565 0.869565 0.875000 0.875000 0.875000 0.875000 0.875000 0.875000 0.875000 0.875000 0.875000 0.875000 0.875000 0.875000 0.875000 0.875000 0.875000 0.875000 0.875000 0.875000 0.880435 0.875000 0.896739 0.891304 0.858696 0.875000 0.869565 0.896739 0.885870 0.869565 0.880435 0.885870 0.880435 0.896739 0.875000 0.875000 0.875000 0.875000 0.875000 0.875000 0.875000 0.875000 0.875000 0.875000 0.875000 0.875000 0.875000 0.875000 0.875000 0.875000 0.875000 0.875000 0.875000 0.875000 0.875000 0.875000 0.875000 0.875000 0.875000 0.880435 0.880435 0.880435 0.880435 0.880435 0.875000 0.875000 0.875000 0.875000 0.875000 0.875000 0.875000 0.875000 0.880435 0.891304 0.880435 0.880435 0.885870 0.880435
1jqd_A:A 0.883268 0.869565 0.000000 0.010490 0.877622 0.877622 0.880435 0.880435 0.880000 0.881657 0.880000 0.881657 0.880435 0.880435 0.868966 0.868966 0.868056 0.868056 0.868056 0.868056 0.883041 0.882353 0.892377 0.880435 0.886228 0.892019 0.891608 0.891608 0.891608 0.891608 0.905594 0.905594 0.905594 0.905594 0.905594 0.905594 0.909091 0.898601 0.891608 0.891608 0.891608 0.891608 0.891608 0.905594 0.905594 0.905594 0.905594 0.905594 0.905594 0.905594 0.895105 0.905594 0.905594 0.905594 0.905594 0.905594 0.905594 0.905594 0.905594 0.905594 0.905594 0.904215 0.894928 0.898601 0.896296 0.892086 0.905594 0.888112 0.898601 0.900735 0.892857 0.888060 0.895105 0.905797 0.909091 0.905594 0.905594 0.905594 0.905594 0.905594 0.888112 0.888112 0.888112 0.888112 0.888112 0.888112 0.888112 0.888112 0.888112 0.888112 0.905594 0.905594 0.905594 0.905594 0.905594 0.905594 0.905594 0.895105 0.905594 0.905594 0.905594 0.902098 0.905594 0.902098 0.905594 0.905594 0.905594 0.905594 0.905594 0.905594 0.895105 0.895105 0.887273 0.906137 0.904594 0.891386 0.907801 0.890152 0.907801
1jqd_B:B 0.883268 0.875000 0.010490 0.000000 0.875000 0.875000 0.869565 0.869565 0.880000 0.881657 0.880000 0.881657 0.880435 0.880435 0.862069 0.862069 0.868056 0.868056 0.868056 0.868056 0.883041 0.882353 0.892377 0.880435 0.880240 0.892019 0.892361 0.891986 0.892361 0.891608 0.906250 0.906250 0.906250 0.906250 0.906250 0.902778 0.909091 0.902778 0.902778 0.902778 0.902778 0.902778 0.902778 0.902778 0.902778 0.902778 0.902778 0.902778 0.902778 0.902778 0.895833 0.902778 0.902778 0.902778 0.902778 0.902778 0.902778 0.902778 0.902778 0.902778 0.902778 0.911877 0.902174 0.899306 0.900000 0.892086 0.902778 0.885417 0.892361 0.900735 0.892857 0.888060 0.895833 0.913043 0.909722 0.906250 0.906250 0.906250 0.906250 0.906250 0.902778 0.902778 0.902778 0.902778 0.902778 0.902778 0.902778 0.902778 0.902778 0.902778 0.902778 0.902778 0.902778 0.902778 0.902778 0.906250 0.906250 0.902778 0.906250 0.906250 0.892361 0.902778 0.892361 0.902778 0.892361 0.906250 0.906250 0.906250 0.906250 0.906250 0.902778 0.902778 0.887273 0.906137 0.901060 0.891386 0.907801 0.890152 0.907801
1kar_A:A 0.879377 0.869565 0.877622 0.875000 0.000000 0.000000 0.885870 0.885870 0.874286 0.881657 0.874286 0.881657 0.885870 0.885870 0.868966 0.868966 0.881944 0.881944 0.881944 0.868056 0.859649 0.858824 0.878924 0.875000 0.862275 0.882629 0.873288 0.874564 0.872852 0.874126 0.882883 0.882883 0.882883 0.882883 0.882883 0.883234 0.894545 0.889552 0.887879 0.887879 0.887879 0.887879 0.887879 0.892966 0.892966 0.892966 0.892966 0.892966 0.892966 0.892966 0.894895 0.891239 0.891239 0.891239 0.892966 0.892966 0.892966 0.892966 0.892966 0.892966 0.892966 0.881226 0.884058 0.880208 0.881481 0.884892 0.883234 0.882812 0.881543 0.897059 0.878571 0.876866 0.878472 0.880435 0.882353 0.890208 0.890208 0.890208 0.890208 0.890208 0.886228 0.886228 0.886228 0.886228 0.886228 0.886228 0.886228 0.886228 0.886228 0.886228 0.892216 0.892216 0.892216 0.892216 0.892216 0.890208 0.890208 0.890533 0.890208 0.890208 0.890533 0.911504 0.890533 0.911504 0.890533 0.890208 0.890208 0.890208 0.890208 0.890208 0.887879 0.887879 0.876364 0.888087 0.883392 0.898876 0.882979 0.901515 0.882979
1kar_B:B 0.879377 0.869565 0.877622 0.875000 0.000000 0.000000 0.885870 0.885870 0.874286 0.881657 0.874286 0.881657 0.885870 0.885870 0.868966 0.868966 0.881944 0.881944 0.881944 0.868056 0.859649 0.858824 0.878924 0.875000 0.862275 0.882629 0.873288 0.874564 0.872852 0.874126 0.882883 0.882883 0.882883 0.882883 0.882883 0.883234 0.894545 0.889552 0.887879 0.887879 0.887879 0.887879 0.887879 0.892966 0.892966 0.892966 0.892966 0.892966 0.892966 0.892966 0.894895 0.891239 0.891239 0.891239 0.892966 0.892966 0.892966 0.892966 0.892966 0.892966 0.892966 0.881226 0.884058 0.880208 0.881481 0.884892 0.883234 0.882812 0.881543 0.897059 0.878571 0.876866 0.878472 0.880435 0.882353 0.890208 0.890208 0.890208 0.890208 0.890208 0.886228 0.886228 0.886228 0.886228 0.886228 0.886228 0.886228 0.886228 0.886228 0.886228 0.892216 0.892216 0.892216 0.892216 0.892216 0.890208 0.890208 0.890533 0.890208 0.890208 0.890533 0.911504 0.890533 0.911504 0.890533 0.890208 0.890208 0.890208 0.890208 0.890208 0.887879 0.887879 0.876364 0.888087 0.883392 0.898876 0.882979 0.901515 0.882979
1np1_A:A 0.885870 0.097826 0.880435 0.869565 0.885870 0.885870 0.000000 0.000000 0.880000 0.875740 0.880000 0.875740 0.005435 0.005435 0.882759 0.882759 0.861111 0.861111 0.861111 0.895833 0.877193 0.876471 0.885870 0.646739 0.880240 0.896739 0.880435 0.880435 0.880435 0.880435 0.858696 0.858696 0.858696 0.858696 0.858696 0.858696 0.880435 0.858696 0.858696 0.858696 0.858696 0.858696 0.858696 0.858696 0.858696 0.858696 0.858696 0.858696 0.858696 0.858696 0.891304 0.858696 0.858696 0.858696 0.858696 0.858696 0.858696 0.858696 0.858696 0.858696 0.858696 0.875000 0.891304 0.885870 0.891304 0.880435 0.858696 0.858696 0.885870 0.891304 0.880435 0.880435 0.896739 0.891304 0.891304 0.858696 0.858696 0.858696 0.858696 0.858696 0.858696 0.858696 0.858696 0.858696 0.858696 0.858696 0.858696 0.858696 0.858696 0.858696 0.864130 0.864130 0.864130 0.864130 0.864130 0.858696 0.858696 0.858696 0.858696 0.858696 0.864130 0.869565 0.864130 0.869565 0.864130 0.858696 0.858696 0.858696 0.858696 0.858696 0.858696 0.858696 0.875000 0.885870 0.896739 0.885870 0.891304 0.891304 0.891304
1np1_B:B 0.885870 0.097826 0.880435 0.869565 0.885870 0.885870 0.000000 0.000000 0.880000 0.875740 0.880000 0.875740 0.005435 0.005435 0.882759 0.882759 0.861111 0.861111 0.861111 0.895833 0.877193 0.876471 0.885870 0.646739 0.880240 0.896739 0.880435 0.880435 0.880435 0.880435 0.858696 0.858696 0.858696 0.858696 0.858696 0.858696 0.880435 0.858696 0.858696 0.858696 0.858696 0.858696 0.858696 0.858696 0.858696 0.858696 0.858696 0.858696 0.858696 0.858696 0.891304 0.858696 0.858696 0.858696 0.858696 0.858696 0.858696 0.858696 0.858696 0.858696 0.858696 0.875000 0.891304 0.885870 0.891304 0.880435 0.858696 0.858696 0.885870 0.891304 0.880435 0.880435 0.896739 0.891304 0.891304 0.858696 0.858696 0.858696 0.858696 0.858696 0.858696 0.858696 0.858696 0.858696 0.858696 0.858696 0.858696 0.858696 0.858696 0.858696 0.864130 0.864130 0.864130 0.864130 0.864130 0.858696 0.858696 0.858696 0.858696 0.858696 0.864130 0.869565 0.864130 0.869565 0.864130 0.858696 0.858696 0.858696 0.858696 0.858696 0.858696 0.858696 0.875000 0.885870 0.896739 0.885870 0.891304 0.891304 0.891304
1qft_A:A 0.885714 0.862857 0.880000 0.880000 0.874286 0.874286 0.880000 0.880000 0.000000 0.000000 0.000000 0.000000 0.874286 0.874286 0.896552 0.896552 0.875000 0.875000 0.875000 0.847222 0.005848 0.005882 0.880000 0.902857 0.904192 0.880000 0.885714 0.885714 0.885714 0.885714 0.874286 0.874286 0.874286 0.874286 0.874286 0.874286 0.891429 0.874286 0.874286 0.874286 0.874286 0.874286 0.874286 0.880000 0.880000 0.880000 0.880000 0.880000 0.880000 0.880000 0.891429 0.880000 0.880000 0.880000 0.880000 0.880000 0.880000 0.880000 0.880000 0.880000 0.880000 0.868571 0.874286 0.908571 0.874286 0.891429 0.874286 0.897143 0.885714 0.885714 0.880000 0.885714 0.874286 0.868571 0.868571 0.868571 0.868571 0.868571 0.868571 0.868571 0.874286 0.874286 0.874286 0.874286 0.874286 0.874286 0.874286 0.874286 0.874286 0.874286 0.874286 0.874286 0.874286 0.874286 0.874286 0.868571 0.868571 0.868571 0.868571 0.868571 0.862857 0.868571 0.862857 0.868571 0.862857 0.868571 0.868571 0.868571 0.868571 0.868571 0.874286 0.874286 0.880000 0.868571 0.868571 0.885714 0.868571 0.885714 0.868571
1qft_B:B 0.881657 0.869822 0.881657 0.881657 0.881657 0.881657 0.875740 0.875740 0.000000 0.000000 0.000000 0.000000 0.869822 0.869822 0.896552 0.896552 0.875000 0.875000 0.875000 0.847222 0.005917 0.005917 0.875740 0.899408 0.904192 0.887574 0.887574 0.887574 0.887574 0.887574 0.869822 0.869822 0.869822 0.869822 0.869822 0.869822 0.887574 0.869822 0.869822 0.869822 0.869822 0.869822 0.869822 0.869822 0.869822 0.869822 0.869822 0.869822 0.869822 0.869822 0.899408 0.875740 0.875740 0.875740 0.869822 0.869822 0.869822 0.869822 0.869822 0.869822 0.869822 0.869822 0.875740 0.905325 0.869822 0.869822 0.869822 0.893491 0.905325 0.899408 0.881657 0.887574 0.875740 0.869822 0.875740 0.875740 0.875740 0.875740 0.875740 0.875740 0.869822 0.869822 0.869822 0.869822 0.869822 0.869822 0.869822 0.869822 0.869822 0.869822 0.869822 0.869822 0.869822 0.869822 0.869822 0.875740 0.875740 0.863905 0.875740 0.875740 0.857988 0.863905 0.857988 0.863905 0.857988 0.875740 0.875740 0.875740 0.875740 0.875740 0.869822 0.869822 0.881657 0.869822 0.869822 0.899408 0.869822 0.899408 0.869822
1qfv_A:A 0.885714 0.862857 0.880000 0.880000 0.874286 0.874286 0.880000 0.880000 0.000000 0.000000 0.000000 0.000000 0.874286 0.874286 0.896552 0.896552 0.875000 0.875000 0.875000 0.847222 0.005848 0.005882 0.880000 0.902857 0.904192 0.880000 0.885714 0.885714 0.885714 0.885714 0.874286 0.874286 0.874286 0.874286 0.874286 0.874286 0.891429 0.874286 0.874286 0.874286 0.874286 0.874286 0.874286 0.880000 0.880000 0.880000 0.880000 0.880000 0.880000 0.880000 0.891429 0.880000 0.880000 0.880000 0.880000 0.880000 0.880000 0.880000 0.880000 0.880000 0.880000 0.868571 0.874286 0.908571 0.874286 0.891429 0.874286 0.897143 0.885714 0.885714 0.880000 0.885714 0.874286 0.868571 0.868571 0.868571 0.868571 0.868571 0.868571 0.868571 0.874286 0.874286 0.874286 0.874286 0.874286 0.874286 0.874286 0.874286 0.874286 0.874286 0.874286 0.874286 0.874286 0.874286 0.874286 0.868571 0.868571 0.868571 0.868571 0.868571 0.862857 0.868571 0.862857 0.868571 0.862857 0.868571 0.868571 0.868571 0.868571 0.868571 0.874286 0.874286 0.880000 0.868571 0.868571 0.885714 0.868571 0.885714 0.868571
1qfv_B:B 0.881657 0.869822 0.881657 0.881657 0.881657 0.881657 0.875740 0.875740 0.000000 0.000000 0.000000 0.000000 0.869822 0.869822 0.896552 0.896552 0.875000 0.875000 0.875000 0.847222 0.005917 0.005917 0.875740 0.899408 0.904192 0.887574 0.887574 0.887574 0.887574 0.887574 0.869822 0.869822 0.869822 0.869822 0.869822 0.869822 0.887574 0.869822 0.869822 0.869822 0.869822 0.869822 0.869822 0.869822 0.869822 0.869822 0.869822 0.869822 0.869822 0.869822 0.899408 0.875740 0.875740 0.875740 0.869822 0.869822 0.869822 0.869822 0.869822 0.869822 0.869822 0.869822 0.875740 0.905325 0.869822 0.869822 0.869822 0.893491 0.905325 0.899408 0.881657 0.887574 0.875740 0.869822 0.875740 0.875740 0.875740 0.875740 0.875740 0.875740 0.869822 0.869822 0.869822 0.869822 0.869822 0.869822 0.869822 0.869822 0.869822 0.869822 0.869822 0.869822 0.869822 0.869822 0.869822 0.875740 0.875740 0.863905 0.875740 0.875740 0.857988 0.863905 0.857988 0.863905 0.857988 0.875740 0.875740 0.875740 0.875740 0.875740 0.869822 0.869822 0.881657 0.869822 0.869822 0.899408 0.869822 0.899408 0.869822
1u18_A:A 0.896739 0.103261 0.880435 0.880435 0.885870 0.885870 0.005435 0.005435 0.874286 0.869822 0.874286 0.869822 0.000000 0.000000 0.889655 0.889655 0.868056 0.868056 0.868056 0.895833 0.877193 0.876471 0.885870 0.652174 0.880240 0.896739 0.880435 0.869565 0.880435 0.880435 0.858696 0.858696 0.858696 0.858696 0.858696 0.858696 0.880435 0.858696 0.858696 0.858696 0.858696 0.858696 0.858696 0.858696 0.858696 0.858696 0.858696 0.858696 0.858696 0.858696 0.880435 0.858696 0.858696 0.858696 0.858696 0.858696 0.858696 0.858696 0.858696 0.858696 0.858696 0.869565 0.875000 0.885870 0.869565 0.880435 0.858696 0.864130 0.885870 0.891304 0.880435 0.880435 0.896739 0.891304 0.891304 0.858696 0.858696 0.858696 0.858696 0.858696 0.858696 0.858696 0.858696 0.858696 0.858696 0.858696 0.858696 0.858696 0.858696 0.858696 0.864130 0.864130 0.864130 0.864130 0.864130 0.858696 0.858696 0.858696 0.858696 0.858696 0.864130 0.869565 0.864130 0.869565 0.864130 0.858696 0.858696 0.858696 0.858696 0.858696 0.858696 0.858696 0.875000 0.885870 0.896739 0.885870 0.891304 0.891304 0.891304
1u18_B:B 0.896739 0.103261 0.880435 0.880435 0.885870 0.885870 0.005435 0.005435 0.874286 0.869822 0.874286 0.869822 0.000000 0.000000 0.889655 0.889655 0.868056 0.868056 0.868056 0.895833 0.877193 0.876471 0.885870 0.652174 0.880240 0.896739 0.880435 0.869565 0.880435 0.880435 0.858696 0.858696 0.858696 0.858696 0.858696 0.858696 0.880435 0.858696 0.858696 0.858696 0.858696 0.858696 0.858696 0.858696 0.858696 0.858696 0.858696 0.858696 0.858696 0.858696 0.880435 0.858696 0.858696 0.858696 0.858696 0.858696 0.858696 0.858696 0.858696 0.858696 0.858696 0.869565 0.875000 0.885870 0.869565 0.880435 0.858696 0.864130 0.885870 0.891304 0.880435 0.880435 0.896739 0.891304 0.891304 0.858696 0.858696 0.858696 0.858696 0.858696 0.858696 0.858696 0.858696 0.858696 0.858696 0.858696 0.858696 0.858696 0.858696 0.858696 0.864130 0.864130 0.864130 0.864130 0.864130 0.858696 0.858696 0.858696 0.858696 0.858696 0.864130 0.869565 0.864130 0.869565 0.864130 0.858696 0.858696 0.858696 0.858696 0.858696 0.858696 0.858696 0.875000 0.885870 0.896739 0.885870 0.891304 0.891304 0.891304
2qeb_A:A 0.868966 0.875862 0.868966 0.862069 0.868966 0.868966 0.882759 0.882759 0.896552 0.896552 0.896552 0.896552 0.889655 0.889655 0.000000 0.000000 0.902778 0.902778 0.902778 0.888889 0.889655 0.889655 0.882759 0.889655 0.862069 0.882759 0.882759 0.882759 0.882759 0.875862 0.882759 0.882759 0.882759 0.882759 0.882759 0.882759 0.896552 0.882759 0.882759 0.882759 0.882759 0.882759 0.882759 0.882759 0.882759 0.882759 0.882759 0.882759 0.882759 0.882759 0.875862 0.882759 0.882759 0.882759 0.882759 0.882759 0.882759 0.882759 0.882759 0.882759 0.882759 0.882759 0.882759 0.882759 0.862069 0.868966 0.882759 0.868966 0.875862 0.882759 0.875862 0.889655 0.882759 0.868966 0.868966 0.882759 0.882759 0.882759 0.882759 0.882759 0.882759 0.882759 0.882759 0.882759 0.882759 0.882759 0.882759 0.882759 0.882759 0.882759 0.868966 0.868966 0.868966 0.868966 0.868966 0.882759 0.882759 0.882759 0.882759 0.882759 0.875862 0.868966 0.875862 0.868966 0.875862 0.882759 0.882759 0.882759 0.882759 0.882759 0.882759 0.882759 0.903448 0.875862 0.882759 0.882759 0.862069 0.889655 0.862069
2qeb_B:B 0.868966 0.875862 0.868966 0.862069 0.868966 0.868966 0.882759 0.882759 0.896552 0.896552 0.896552 0.896552 0.889655 0.889655 0.000000 0.000000 0.902778 0.902778 0.902778 0.888889 0.889655 0.889655 0.882759 0.889655 0.862069 0.882759 0.882759 0.882759 0.882759 0.875862 0.882759 0.882759 0.882759 0.882759 0.882759 0.882759 0.896552 0.882759 0.882759 0.882759 0.882759 0.882759 0.882759 0.882759 0.882759 0.882759 0.882759 0.882759 0.882759 0.882759 0.875862 0.882759 0.882759 0.882759 0.882759 0.882759 0.882759 0.882759 0.882759 0.882759 0.882759 0.882759 0.882759 0.882759 0.862069 0.868966 0.882759 0.868966 0.875862 0.882759 0.875862 0.889655 0.882759 0.868966 0.868966 0.882759 0.882759 0.882759 0.882759 0.882759 0.882759 0.882759 0.882759 0.882759 0.882759 0.882759 0.882759 0.882759 0.882759 0.882759 0.868966 0.868966 0.868966 0.868966 0.868966 0.882759 0.882759 0.882759 0.882759 0.882759 0.875862 0.868966 0.875862 0.868966 0.875862 0.882759 0.882759 0.882759 0.882759 0.882759 0.882759 0.882759 0.903448 0.875862 0.882759 0.882759 0.862069 0.889655 0.862069
2x45_A:A 0.881944 0.854167 0.868056 0.868056 0.881944 0.881944 0.861111 0.861111 0.875000 0.875000 0.875000 0.875000 0.868056 0.868056 0.902778 0.902778 0.000000 0.000000 0.000000 0.555556 0.875000 0.875000 0.875000 0.868056 0.881944 0.902778 0.868056 0.868056 0.868056 0.868056 0.881944 0.881944 0.881944 0.881944 0.881944 0.881944 0.881944 0.881944 0.895833 0.895833 0.895833 0.895833 0.895833 0.895833 0.895833 0.895833 0.895833 0.895833 0.895833 0.895833 0.888889 0.881944 0.881944 0.881944 0.895833 0.895833 0.895833 0.895833 0.895833 0.895833 0.895833 0.902778 0.902778 0.868056 0.902778 0.875000 0.881944 0.881944 0.875000 0.895833 0.895833 0.881944 0.888889 0.902778 0.888889 0.881944 0.881944 0.881944 0.881944 0.881944 0.881944 0.881944 0.881944 0.881944 0.881944 0.881944 0.881944 0.881944 0.881944 0.881944 0.895833 0.895833 0.895833 0.895833 0.895833 0.881944 0.881944 0.881944 0.881944 0.881944 0.881944 0.895833 0.881944 0.895833 0.881944 0.881944 0.881944 0.881944 0.881944 0.881944 0.881944 0.881944 0.902778 0.902778 0.888889 0.881944 0.902778 0.881944 0.902778
2x45_B:B 0.881944 0.854167 0.868056 0.868056 0.881944 0.881944 0.861111 0.861111 0.875000 0.875000 0.875000 0.875000 0.868056 0.868056 0.902778 0.902778 0.000000 0.000000 0.000000 0.555556 0.875000 0.875000 0.875000 0.868056 0.881944 0.902778 0.868056 0.868056 0.868056 0.868056 0.881944 0.881944 0.881944 0.881944 0.881944 0.881944 0.881944 0.881944 0.895833 0.895833 0.895833 0.895833 0.895833 0.895833 0.895833 0.895833 0.895833 0.895833 0.895833 0.895833 0.888889 0.881944 0.881944 0.881944 0.895833 0.895833 0.895833 0.895833 0.895833 0.895833 0.895833 0.902778 0.902778 0.868056 0.902778 0.875000 0.881944 0.881944 0.875000 0.895833 0.895833 0.881944 0.888889 0.902778 0.888889 0.881944 0.881944 0.881944 0.881944 0.881944 0.881944 0.881944 0.881944 0.881944 0.881944 0.881944 0.881944 0.881944 0.881944 0.881944 0.895833 0.895833 0.895833 0.895833 0.895833 0.881944 0.881944 0.881944 0.881944 0.881944 0.881944 0.895833 0.881944 0.895833 0.881944 0.881944 0.881944 0.881944 0.881944 0.881944 0.881944 0.881944 0.902778 0.902778 0.888889 0.881944 0.902778 0.881944 0.902778
2x45_C:C 0.881944 0.854167 0.868056 0.868056 0.881944 0.881944 0.861111 0.861111 0.875000 0.875000 0.875000 0.875000 0.868056 0.868056 0.902778 0.902778 0.000000 0.000000 0.000000 0.555556 0.875000 0.875000 0.875000 0.868056 0.881944 0.902778 0.868056 0.868056 0.868056 0.868056 0.881944 0.881944 0.881944 0.881944 0.881944 0.881944 0.881944 0.881944 0.895833 0.895833 0.895833 0.895833 0.895833 0.895833 0.895833 0.895833 0.895833 0.895833 0.895833 0.895833 0.888889 0.881944 0.881944 0.881944 0.895833 0.895833 0.895833 0.895833 0.895833 0.895833 0.895833 0.902778 0.902778 0.868056 0.902778 0.875000 0.881944 0.881944 0.875000 0.895833 0.895833 0.881944 0.888889 0.902778 0.888889 0.881944 0.881944 0.881944 0.881944 0.881944 0.881944 0.881944 0.881944 0.881944 0.881944 0.881944 0.881944 0.881944 0.881944 0.881944 0.895833 0.895833 0.895833 0.895833 0.895833 0.881944 0.881944 0.881944 0.881944 0.881944 0.881944 0.895833 0.881944 0.895833 0.881944 0.881944 0.881944 0.881944 0.881944 0.881944 0.881944 0.881944 0.902778 0.902778 0.888889 0.881944 0.902778 0.881944 0.902778
3bu1_A:A 0.854167 0.881944 0.868056 0.868056 0.868056 0.868056 0.895833 0.895833 0.847222 0.847222 0.847222 0.847222 0.895833 0.895833 0.888889 0.888889 0.555556 0.555556 0.555556 0.000000 0.847222 0.868056 0.861111 0.868056 0.888889 0.888889 0.861111 0.861111 0.868056 0.868056 0.888889 0.888889 0.888889 0.888889 0.888889 0.881944 0.881944 0.888889 0.881944 0.881944 0.881944 0.881944 0.881944 0.888889 0.888889 0.888889 0.888889 0.888889 0.888889 0.888889 0.881944 0.888889 0.888889 0.888889 0.888889 0.888889 0.888889 0.888889 0.888889 0.888889 0.888889 0.875000 0.875000 0.854167 0.868056 0.875000 0.881944 0.868056 0.875000 0.895833 0.888889 0.888889 0.895833 0.875000 0.881944 0.895833 0.895833 0.895833 0.895833 0.895833 0.895833 0.895833 0.895833 0.895833 0.895833 0.895833 0.895833 0.895833 0.895833 0.895833 0.895833 0.895833 0.895833 0.895833 0.895833 0.895833 0.895833 0.875000 0.895833 0.895833 0.888889 0.895833 0.888889 0.895833 0.888889 0.895833 0.895833 0.895833 0.895833 0.895833 0.888889 0.888889 0.881944 0.875000 0.895833 0.888889 0.868056 0.888889 0.868056
3g7x_A:A 0.883041 0.871345 0.883041 0.883041 0.859649 0.859649 0.877193 0.877193 0.005848 0.005917 0.005848 0.005917 0.877193 0.877193 0.889655 0.889655 0.875000 0.875000 0.875000 0.847222 0.000000 0.000000 0.883041 0.900585 0.910180 0.888889 0.888889 0.888889 0.888889 0.888889 0.871345 0.871345 0.871345 0.871345 0.871345 0.871345 0.894737 0.871345 0.871345 0.871345 0.871345 0.871345 0.871345 0.871345 0.871345 0.871345 0.871345 0.871345 0.871345 0.871345 0.894737 0.871345 0.871345 0.871345 0.871345 0.871345 0.871345 0.871345 0.871345 0.871345 0.871345 0.871345 0.877193 0.906433 0.871345 0.900585 0.871345 0.894737 0.888889 0.900585 0.883041 0.888889 0.877193 0.871345 0.877193 0.871345 0.871345 0.871345 0.871345 0.871345 0.871345 0.871345 0.871345 0.871345 0.871345 0.871345 0.871345 0.871345 0.871345 0.871345 0.871345 0.871345 0.871345 0.871345 0.871345 0.871345 0.871345 0.871345 0.871345 0.871345 0.859649 0.865497 0.859649 0.865497 0.859649 0.871345 0.871345 0.871345 0.871345 0.871345 0.871345 0.871345 0.883041 0.871345 0.871345 0.894737 0.871345 0.894737 0.871345
3g7x_B:B 0.882353 0.870588 0.882353 0.882353 0.858824 0.858824 0.876471 0.876471 0.005882 0.005917 0.005882 0.005917 0.876471 0.876471 0.889655 0.889655 0.875000 0.875000 0.875000 0.868056 0.000000 0.000000 0.882353 0.900000 0.910180 0.894118 0.888235 0.888235 0.888235 0.888235 0.870588 0.870588 0.870588 0.870588 0.870588 0.870588 0.888235 0.870588 0.870588 0.870588 0.870588 0.870588 0.870588 0.870588 0.870588 0.870588 0.870588 0.870588 0.870588 0.870588 0.900000 0.870588 0.870588 0.870588 0.870588 0.870588 0.870588 0.870588 0.870588 0.870588 0.870588 0.870588 0.876471 0.905882 0.870588 0.876471 0.870588 0.894118 0.888235 0.900000 0.882353 0.888235 0.876471 0.870588 0.876471 0.864706 0.864706 0.864706 0.864706 0.864706 0.870588 0.870588 0.870588 0.870588 0.870588 0.870588 0.870588 0.870588 0.870588 0.870588 0.870588 0.870588 0.870588 0.870588 0.870588 0.864706 0.864706 0.864706 0.864706 0.864706 0.858824 0.864706 0.858824 0.864706 0.858824 0.864706 0.864706 0.864706 0.864706 0.864706 0.870588 0.870588 0.882353 0.876471 0.870588 0.894118 0.870588 0.894118 0.870588
3rxh_A:A 0.869955 0.891304 0.892377 0.892377 0.878924 0.878924 0.885870 0.885870 0.880000 0.875740 0.880000 0.875740 0.885870 0.885870 0.882759 0.882759 0.875000 0.875000 0.875000 0.861111 0.883041 0.882353 0.000000 0.869565 0.874251 0.910798 0.887892 0.887892 0.887892 0.887892 0.905830 0.905830 0.905830 0.905830 0.905830 0.905830 0.896861 0.892377 0.896861 0.896861 0.896861 0.896861 0.896861 0.901345 0.901345 0.901345 0.901345 0.901345 0.901345 0.901345 0.892377 0.892377 0.892377 0.892377 0.901345 0.901345 0.901345 0.901345 0.901345 0.901345 0.901345 0.892377 0.892377 0.856502 0.892377 0.896861 0.905830 0.869955 0.869955 0.883408 0.887892 0.874439 0.892377 0.896861 0.892377 0.901345 0.901345 0.901345 0.901345 0.901345 0.901345 0.901345 0.901345 0.901345 0.901345 0.901345 0.901345 0.901345 0.901345 0.901345 0.905830 0.905830 0.905830 0.905830 0.905830 0.901345 0.901345 0.901345 0.901345 0.901345 0.901345 0.901345 0.901345 0.901345 0.901345 0.901345 0.901345 0.901345 0.901345 0.901345 0.896861 0.896861 0.883408 0.905830 0.892377 0.901345 0.896861 0.892377 0.896861
4xmf_A:A 0.875000 0.635870 0.880435 0.880435 0.875000 0.875000 0.646739 0.646739 0.902857 0.899408 0.902857 0.899408 0.652174 0.652174 0.889655 0.889655 0.868056 0.868056 0.868056 0.868056 0.900585 0.900000 0.869565 0.000000 0.880240 0.896739 0.869565 0.869565 0.869565 0.869565 0.896739 0.896739 0.896739 0.896739 0.896739 0.896739 0.885870 0.885870 0.880435 0.880435 0.880435 0.880435 0.880435 0.896739 0.896739 0.896739 0.896739 0.896739 0.896739 0.896739 0.885870 0.896739 0.896739 0.896739 0.896739 0.896739 0.896739 0.896739 0.896739 0.896739 0.896739 0.875000 0.885870 0.875000 0.891304 0.891304 0.896739 0.880435 0.875000 0.896739 0.891304 0.885870 0.880435 0.875000 0.875000 0.880435 0.880435 0.880435 0.880435 0.880435 0.896739 0.896739 0.896739 0.896739 0.896739 0.896739 0.896739 0.896739 0.896739 0.896739 0.880435 0.880435 0.880435 0.880435 0.880435 0.880435 0.880435 0.891304 0.880435 0.880435 0.891304 0.880435 0.891304 0.880435 0.891304 0.880435 0.880435 0.880435 0.880435 0.880435 0.896739 0.896739 0.891304 0.880435 0.891304 0.869565 0.885870 0.869565 0.885870
5rus_A:A 0.880240 0.874251 0.886228 0.880240 0.862275 0.862275 0.880240 0.880240 0.904192 0.904192 0.904192 0.904192 0.880240 0.880240 0.862069 0.862069 0.881944 0.881944 0.881944 0.888889 0.910180 0.910180 0.874251 0.880240 0.000000 0.880240 0.868263 0.874251 0.868263 0.874251 0.856287 0.856287 0.856287 0.856287 0.856287 0.856287 0.880240 0.856287 0.856287 0.856287 0.856287 0.856287 0.856287 0.856287 0.856287 0.856287 0.856287 0.856287 0.856287 0.856287 0.850299 0.868263 0.868263 0.868263 0.856287 0.856287 0.856287 0.856287 0.856287 0.856287 0.856287 0.880240 0.856287 0.868263 0.874251 0.868263 0.856287 0.838323 0.868263 0.880240 0.874251 0.880240 0.880240 0.862275 0.886228 0.856287 0.856287 0.856287 0.856287 0.856287 0.856287 0.856287 0.856287 0.856287 0.856287 0.856287 0.856287 0.856287 0.856287 0.856287 0.850299 0.850299 0.850299 0.850299 0.850299 0.856287 0.856287 0.856287 0.856287 0.856287 0.844311 0.844311 0.844311 0.844311 0.844311 0.856287 0.856287 0.856287 0.856287 0.856287 0.856287 0.856287 0.868263 0.880240 0.886228 0.874251 0.868263 0.874251 0.868263
6dyn_A:A 0.887324 0.891304 0.892019 0.892019 0.882629 0.882629 0.896739 0.896739 0.880000 0.887574 0.880000 0.887574 0.896739 0.896739 0.882759 0.882759 0.902778 0.902778 0.902778 0.888889 0.888889 0.894118 0.910798 0.896739 0.880240 0.000000 0.877934 0.892019 0.892019 0.877934 0.873239 0.873239 0.873239 0.873239 0.873239 0.873239 0.892019 0.873239 0.873239 0.873239 0.873239 0.873239 0.873239 0.873239 0.873239 0.873239 0.873239 0.873239 0.873239 0.873239 0.887324 0.873239 0.873239 0.873239 0.873239 0.873239 0.873239 0.873239 0.873239 0.873239 0.873239 0.887324 0.882629 0.882629 0.873239 0.854460 0.873239 0.873239 0.873239 0.887324 0.863850 0.882629 0.873239 0.887324 0.873239 0.873239 0.873239 0.873239 0.873239 0.873239 0.873239 0.873239 0.873239 0.873239 0.873239 0.873239 0.873239 0.873239 0.873239 0.873239 0.873239 0.873239 0.873239 0.873239 0.873239 0.873239 0.873239 0.873239 0.873239 0.873239 0.868545 0.877934 0.868545 0.877934 0.868545 0.873239 0.873239 0.873239 0.873239 0.873239 0.873239 0.873239 0.877934 0.873239 0.882629 0.887324 0.882629 0.887324 0.882629
6fu4_A:A 0.898833 0.875000 0.891608 0.892361 0.873288 0.873288 0.880435 0.880435 0.885714 0.887574 0.885714 0.887574 0.880435 0.880435 0.882759 0.882759 0.868056 0.868056 0.868056 0.861111 0.888889 0.888235 0.887892 0.869565 0.868263 0.877934 0.000000 0.000000 0.000000 0.000000 0.897260 0.897260 0.897260 0.897260 0.897260 0.897260 0.905455 0.897260 0.897260 0.897260 0.897260 0.897260 0.897260 0.893836 0.893836 0.893836 0.893836 0.893836 0.893836 0.893836 0.897260 0.897260 0.897260 0.897260 0.893836 0.893836 0.893836 0.893836 0.893836 0.893836 0.893836 0.888889 0.880435 0.880137 0.877778 0.892086 0.897260 0.876712 0.883562 0.900735 0.896429 0.891791 0.881944 0.880435 0.885813 0.897260 0.897260 0.897260 0.897260 0.897260 0.897260 0.897260 0.897260 0.897260 0.897260 0.897260 0.897260 0.897260 0.897260 0.897260 0.893836 0.893836 0.893836 0.893836 0.893836 0.897260 0.897260 0.897260 0.897260 0.897260 0.893836 0.897260 0.893836 0.897260 0.893836 0.897260 0.897260 0.897260 0.897260 0.897260 0.897260 0.897260 0.894545 0.880866 0.883392 0.902622 0.882979 0.901515 0.882979
6fu4_B:B 0.891051 0.875000 0.891608 0.891986 0.874564 0.874564 0.880435 0.880435 0.885714 0.887574 0.885714 0.887574 0.869565 0.869565 0.882759 0.882759 0.868056 0.868056 0.868056 0.861111 0.888889 0.888235 0.887892 0.869565 0.874251 0.892019 0.000000 0.000000 0.000000 0.000000 0.895470 0.895470 0.895470 0.895470 0.895470 0.895470 0.901818 0.895470 0.895470 0.895470 0.895470 0.895470 0.895470 0.891986 0.891986 0.891986 0.891986 0.891986 0.891986 0.891986 0.895470 0.895470 0.895470 0.895470 0.891986 0.891986 0.891986 0.891986 0.891986 0.891986 0.891986 0.888889 0.880435 0.881533 0.877778 0.892086 0.895470 0.874564 0.881533 0.900735 0.896429 0.895522 0.885017 0.880435 0.885017 0.895470 0.895470 0.895470 0.895470 0.895470 0.895470 0.895470 0.895470 0.895470 0.895470 0.895470 0.895470 0.895470 0.895470 0.895470 0.891986 0.891986 0.891986 0.891986 0.891986 0.895470 0.895470 0.895470 0.895470 0.895470 0.891986 0.891986 0.891986 0.891986 0.891986 0.895470 0.895470 0.895470 0.895470 0.895470 0.895470 0.895470 0.894545 0.888087 0.886926 0.891386 0.886525 0.901515 0.886525
6fu4_C:C 0.898833 0.875000 0.891608 0.892361 0.872852 0.872852 0.880435 0.880435 0.885714 0.887574 0.885714 0.887574 0.880435 0.880435 0.882759 0.882759 0.868056 0.868056 0.868056 0.868056 0.888889 0.888235 0.887892 0.869565 0.868263 0.892019 0.000000 0.000000 0.000000 0.000000 0.896907 0.896907 0.896907 0.896907 0.896907 0.896907 0.905455 0.896907 0.896907 0.896907 0.896907 0.896907 0.896907 0.893471 0.893471 0.893471 0.893471 0.893471 0.893471 0.893471 0.896907 0.896907 0.896907 0.896907 0.893471 0.893471 0.893471 0.893471 0.893471 0.893471 0.893471 0.888889 0.880435 0.879725 0.877778 0.892086 0.896907 0.876289 0.883162 0.900735 0.896429 0.895522 0.881944 0.880435 0.885813 0.896907 0.896907 0.896907 0.896907 0.896907 0.896907 0.896907 0.896907 0.896907 0.896907 0.896907 0.896907 0.896907 0.896907 0.896907 0.893471 0.893471 0.893471 0.893471 0.893471 0.896907 0.896907 0.896907 0.896907 0.896907 0.893471 0.896907 0.893471 0.896907 0.893471 0.896907 0.896907 0.896907 0.896907 0.896907 0.896907 0.896907 0.894545 0.884477 0.883392 0.891386 0.886525 0.901515 0.886525
6fu4_D:D 0.902724 0.875000 0.891608 0.891608 0.874126 0.874126 0.880435 0.880435 0.885714 0.887574 0.885714 0.887574 0.880435 0.880435 0.875862 0.875862 0.868056 0.868056 0.868056 0.868056 0.888889 0.888235 0.887892 0.869565 0.874251 0.877934 0.000000 0.000000 0.000000 0.000000 0.895105 0.895105 0.895105 0.895105 0.895105 0.895105 0.901818 0.895105 0.895105 0.895105 0.895105 0.895105 0.895105 0.891608 0.891608 0.891608 0.891608 0.891608 0.891608 0.891608 0.895105 0.895105 0.895105 0.895105 0.891608 0.891608 0.891608 0.891608 0.891608 0.891608 0.891608 0.888889 0.880435 0.881119 0.877778 0.892086 0.895105 0.874126 0.881119 0.900735 0.896429 0.895522 0.884615 0.880435 0.888112 0.895105 0.895105 0.895105 0.895105 0.895105 0.895105 0.895105 0.895105 0.895105 0.895105 0.895105 0.895105 0.895105 0.895105 0.895105 0.891608 0.891608 0.891608 0.891608 0.891608 0.895105 0.895105 0.895105 0.895105 0.895105 0.891608 0.891608 0.891608 0.891608 0.891608 0.895105 0.895105 0.895105 0.895105 0.895105 0.895105 0.895105 0.894545 0.888087 0.886926 0.891386 0.886525 0.890152 0.886525
6qfa_A:A 0.891051 0.875000 0.905594 0.906250 0.882883 0.882883 0.858696 0.858696 0.874286 0.869822 0.874286 0.869822 0.858696 0.858696 0.882759 0.882759 0.881944 0.881944 0.881944 0.888889 0.871345 0.870588 0.905830 0.896739 0.856287 0.873239 0.897260 0.895470 0.896907 0.895105 0.000000 0.000000 0.000000 0.000000 0.000000 0.000000 0.887273 0.021021 0.012121 0.012121 0.012121 0.012121 0.012121 0.015291 0.015291 0.015291 0.015291 0.015291 0.015291 0.015291 0.591592 0.027190 0.027190 0.027190 0.015291 0.015291 0.015291 0.015291 0.015291 0.015291 0.015291 0.885057 0.884058 0.894895 0.874074 0.881295 0.000000 0.891892 0.888889 0.886029 0.885714 0.869403 0.885417 0.880435 0.889273 0.003003 0.003003 0.003003 0.003003 0.003003 0.003003 0.003003 0.003003 0.003003 0.003003 0.003003 0.003003 0.003003 0.003003 0.003003 0.012012 0.012012 0.012012 0.012012 0.012012 0.003003 0.003003 0.003003 0.003003 0.003003 0.012012 0.021021 0.012012 0.021021 0.012012 0.003003 0.003003 0.003003 0.003003 0.003003 0.027273 0.027273 0.876364 0.877256 0.879859 0.895131 0.879433 0.882576 0.879433
6qfa_B:B 0.891051 0.875000 0.905594 0.906250 0.882883 0.882883 0.858696 0.858696 0.874286 0.869822 0.874286 0.869822 0.858696 0.858696 0.882759 0.882759 0.881944 0.881944 0.881944 0.888889 0.871345 0.870588 0.905830 0.896739 0.856287 0.873239 0.897260 0.895470 0.896907 0.895105 0.000000 0.000000 0.000000 0.000000 0.000000 0.000000 0.887273 0.021021 0.012121 0.012121 0.012121 0.012121 0.012121 0.015291 0.015291 0.015291 0.015291 0.015291 0.015291 0.015291 0.591592 0.027190 0.027190 0.027190 0.015291 0.015291 0.015291 0.015291 0.015291 0.015291 0.015291 0.885057 0.884058 0.894895 0.874074 0.881295 0.000000 0.891892 0.888889 0.886029 0.885714 0.869403 0.885417 0.880435 0.889273 0.003003 0.003003 0.003003 0.003003 0.003003 0.003003 0.003003 0.003003 0.003003 0.003003 0.003003 0.003003 0.003003 0.003003 0.003003 0.012012 0.012012 0.012012 0.012012 0.012012 0.003003 0.003003 0.003003 0.003003 0.003003 0.012012 0.021021 0.012012 0.021021 0.012012 0.003003 0.003003 0.003003 0.003003 0.003003 0.027273 0.027273 0.876364 0.877256 0.879859 0.895131 0.879433 0.882576 0.879433
6qfa_C:C 0.891051 0.875000 0.905594 0.906250 0.882883 0.882883 0.858696 0.858696 0.874286 0.869822 0.874286 0.869822 0.858696 0.858696 0.882759 0.882759 0.881944 0.881944 0.881944 0.888889 0.871345 0.870588 0.905830 0.896739 0.856287 0.873239 0.897260 0.895470 0.896907 0.895105 0.000000 0.000000 0.000000 0.000000 0.000000 0.000000 0.887273 0.021021 0.012121 0.012121 0.012121 0.012121 0.012121 0.015291 0.015291 0.015291 0.015291 0.015291 0.015291 0.015291 0.591592 0.027190 0.027190 0.027190 0.015291 0.015291 0.015291 0.015291 0.015291 0.015291 0.015291 0.885057 0.884058 0.894895 0.874074 0.881295 0.000000 0.891892 0.888889 0.886029 0.885714 0.869403 0.885417 0.880435 0.889273 0.003003 0.003003 0.003003 0.003003 0.003003 0.003003 0.003003 0.003003 0.003003 0.003003 0.003003 0.003003 0.003003 0.003003 0.003003 0.012012 0.012012 0.012012 0.012012 0.012012 0.003003 0.003003 0.003003 0.003003 0.003003 0.012012 0.021021 0.012012 0.021021 0.012012 0.003003 0.003003 0.003003 0.003003 0.003003 0.027273 0.027273 0.876364 0.877256 0.879859 0.895131 0.879433 0.882576 0.879433
6qfa_D:D 0.891051 0.875000 0.905594 0.906250 0.882883 0.882883 0.858696 0.858696 0.874286 0.869822 0.874286 0.869822 0.858696 0.858696 0.882759 0.882759 0.881944 0.881944 0.881944 0.888889 0.871345 0.870588 0.905830 0.896739 0.856287 0.873239 0.897260 0.895470 0.896907 0.895105 0.000000 0.000000 0.000000 0.000000 0.000000 0.000000 0.887273 0.021021 0.012121 0.012121 0.012121 0.012121 0.012121 0.015291 0.015291 0.015291 0.015291 0.015291 0.015291 0.015291 0.591592 0.027190 0.027190 0.027190 0.015291 0.015291 0.015291 0.015291 0.015291 0.015291 0.015291 0.885057 0.884058 0.894895 0.874074 0.881295 0.000000 0.891892 0.888889 0.886029 0.885714 0.869403 0.885417 0.880435 0.889273 0.003003 0.003003 0.003003 0.003003 0.003003 0.003003 0.003003 0.003003 0.003003 0.003003 0.003003 0.003003 0.003003 0.003003 0.003003 0.012012 0.012012 0.012012 0.012012 0.012012 0.003003 0.003003 0.003003 0.003003 0.003003 0.012012 0.021021 0.012012 0.021021 0.012012 0.003003 0.003003 0.003003 0.003003 0.003003 0.027273 0.027273 0.876364 0.877256 0.879859 0.895131 0.879433 0.882576 0.879433
6qfa_E:E 0.891051 0.875000 0.905594 0.906250 0.882883 0.882883 0.858696 0.858696 0.874286 0.869822 0.874286 0.869822 0.858696 0.858696 0.882759 0.882759 0.881944 0.881944 0.881944 0.888889 0.871345 0.870588 0.905830 0.896739 0.856287 0.873239 0.897260 0.895470 0.896907 0.895105 0.000000 0.000000 0.000000 0.000000 0.000000 0.000000 0.887273 0.021021 0.012121 0.012121 0.012121 0.012121 0.012121 0.015291 0.015291 0.015291 0.015291 0.015291 0.015291 0.015291 0.591592 0.027190 0.027190 0.027190 0.015291 0.015291 0.015291 0.015291 0.015291 0.015291 0.015291 0.885057 0.884058 0.894895 0.874074 0.881295 0.000000 0.891892 0.888889 0.886029 0.885714 0.869403 0.885417 0.880435 0.889273 0.003003 0.003003 0.003003 0.003003 0.003003 0.003003 0.003003 0.003003 0.003003 0.003003 0.003003 0.003003 0.003003 0.003003 0.003003 0.012012 0.012012 0.012012 0.012012 0.012012 0.003003 0.003003 0.003003 0.003003 0.003003 0.012012 0.021021 0.012012 0.021021 0.012012 0.003003 0.003003 0.003003 0.003003 0.003003 0.027273 0.027273 0.876364 0.877256 0.879859 0.895131 0.879433 0.882576 0.879433
7a5v_A:A 0.883268 0.875000 0.905594 0.902778 0.883234 0.883234 0.858696 0.858696 0.874286 0.869822 0.874286 0.869822 0.858696 0.858696 0.882759 0.882759 0.881944 0.881944 0.881944 0.881944 0.871345 0.870588 0.905830 0.896739 0.856287 0.873239 0.897260 0.895470 0.896907 0.895105 0.000000 0.000000 0.000000 0.000000 0.000000 0.000000 0.887273 0.023952 0.012121 0.012121 0.012121 0.012121 0.012121 0.012232 0.012232 0.012232 0.012232 0.012232 0.012232 0.012232 0.591592 0.027190 0.027190 0.027190 0.012232 0.012232 0.012232 0.012232 0.012232 0.012232 0.012232 0.885057 0.884058 0.892216 0.874074 0.881295 0.000000 0.883234 0.901198 0.886029 0.885714 0.869403 0.885417 0.880435 0.885813 0.002994 0.002994 0.002994 0.002994 0.002994 0.002994 0.002994 0.002994 0.002994 0.002994 0.002994 0.002994 0.002994 0.002994 0.002994 0.014970 0.014970 0.014970 0.014970 0.014970 0.002994 0.002994 0.002994 0.002994 0.002994 0.011976 0.020958 0.011976 0.020958 0.011976 0.002994 0.002994 0.002994 0.002994 0.002994 0.027273 0.027273 0.876364 0.877256 0.879859 0.895131 0.879433 0.893939 0.879433
7dfl_R:R 0.906615 0.880435 0.909091 0.909091 0.894545 0.894545 0.880435 0.880435 0.891429 0.887574 0.891429 0.887574 0.880435 0.880435 0.896552 0.896552 0.881944 0.881944 0.881944 0.881944 0.894737 0.888235 0.896861 0.885870 0.880240 0.892019 0.905455 0.901818 0.905455 0.901818 0.887273 0.887273 0.887273 0.887273 0.887273 0.887273 0.000000 0.898182 0.894545 0.894545 0.894545 0.894545 0.894545 0.894545 0.894545 0.894545 0.894545 0.894545 0.894545 0.894545 0.887273 0.894545 0.894545 0.894545 0.894545 0.894545 0.894545 0.894545 0.894545 0.894545 0.894545 0.754789 0.767273 0.869091 0.762963 0.694545 0.887273 0.865455 0.869091 0.033088 0.690909 0.686567 0.720000 0.767273 0.723636 0.887273 0.887273 0.887273 0.887273 0.887273 0.887273 0.887273 0.887273 0.887273 0.887273 0.887273 0.887273 0.887273 0.887273 0.887273 0.887273 0.887273 0.887273 0.887273 0.887273 0.887273 0.887273 0.883636 0.887273 0.887273 0.887273 0.887273 0.887273 0.887273 0.887273 0.887273 0.887273 0.887273 0.887273 0.887273 0.894545 0.894545 0.694545 0.756364 0.727273 0.033708 0.763636 0.026515 0.763636
7pbd_B:B 0.898833 0.875000 0.898601 0.902778 0.889552 0.889552 0.858696 0.858696 0.874286 0.869822 0.874286 0.869822 0.858696 0.858696 0.882759 0.882759 0.881944 0.881944 0.881944 0.888889 0.871345 0.870588 0.892377 0.885870 0.856287 0.873239 0.897260 0.895470 0.896907 0.895105 0.021021 0.021021 0.021021 0.021021 0.021021 0.023952 0.898182 0.000000 0.009091 0.009091 0.009091 0.009091 0.009091 0.012232 0.012232 0.012232 0.012232 0.012232 0.012232 0.012232 0.597598 0.024169 0.024169 0.024169 0.012232 0.012232 0.012232 0.012232 0.012232 0.012232 0.012232 0.877395 0.884058 0.886567 0.874074 0.881295 0.023952 0.871642 0.880597 0.886029 0.882143 0.873134 0.881944 0.876812 0.885813 0.023881 0.023881 0.023881 0.023881 0.023881 0.020958 0.020958 0.020958 0.020958 0.020958 0.020958 0.020958 0.020958 0.020958 0.020958 0.029940 0.029940 0.029940 0.029940 0.029940 0.023881 0.023881 0.023881 0.023881 0.023881 0.032836 0.041791 0.032836 0.041791 0.032836 0.023881 0.023881 0.023881 0.023881 0.023881 0.024242 0.024242 0.883636 0.877256 0.879859 0.898876 0.875887 0.893939 0.875887
7pbd_C:C 0.891051 0.869565 0.891608 0.902778 0.887879 0.887879 0.858696 0.858696 0.874286 0.869822 0.874286 0.869822 0.858696 0.858696 0.882759 0.882759 0.895833 0.895833 0.895833 0.881944 0.871345 0.870588 0.896861 0.880435 0.856287 0.873239 0.897260 0.895470 0.896907 0.895105 0.012121 0.012121 0.012121 0.012121 0.012121 0.012121 0.894545 0.009091 0.000000 0.000000 0.000000 0.000000 0.000000 0.012232 0.012232 0.012232 0.012232 0.012232 0.012232 0.012232 0.593939 0.018182 0.018182 0.018182 0.012232 0.012232 0.012232 0.012232 0.012232 0.012232 0.012232 0.881226 0.880435 0.890909 0.870370 0.888489 0.012121 0.887879 0.887879 0.886029 0.889286 0.861940 0.885417 0.876812 0.889273 0.009091 0.009091 0.009091 0.009091 0.009091 0.009091 0.009091 0.009091 0.009091 0.009091 0.009091 0.009091 0.009091 0.009091 0.009091 0.018182 0.018182 0.018182 0.018182 0.018182 0.009091 0.009091 0.009091 0.009091 0.009091 0.018182 0.027273 0.018182 0.027273 0.018182 0.009091 0.009091 0.009091 0.009091 0.009091 0.021212 0.021212 0.872727 0.873646 0.883392 0.891386 0.875887 0.890152 0.875887
7pbz_C:C 0.891051 0.869565 0.891608 0.902778 0.887879 0.887879 0.858696 0.858696 0.874286 0.869822 0.874286 0.869822 0.858696 0.858696 0.882759 0.882759 0.895833 0.895833 0.895833 0.881944 0.871345 0.870588 0.896861 0.880435 0.856287 0.873239 0.897260 0.895470 0.896907 0.895105 0.012121 0.012121 0.012121 0.012121 0.012121 0.012121 0.894545 0.009091 0.000000 0.000000 0.000000 0.000000 0.000000 0.012232 0.012232 0.012232 0.012232 0.012232 0.012232 0.012232 0.593939 0.018182 0.018182 0.018182 0.012232 0.012232 0.012232 0.012232 0.012232 0.012232 0.012232 0.881226 0.880435 0.890909 0.870370 0.888489 0.012121 0.887879 0.887879 0.886029 0.889286 0.861940 0.885417 0.876812 0.889273 0.009091 0.009091 0.009091 0.009091 0.009091 0.009091 0.009091 0.009091 0.009091 0.009091 0.009091 0.009091 0.009091 0.009091 0.009091 0.018182 0.018182 0.018182 0.018182 0.018182 0.009091 0.009091 0.009091 0.009091 0.009091 0.018182 0.027273 0.018182 0.027273 0.018182 0.009091 0.009091 0.009091 0.009091 0.009091 0.021212 0.021212 0.872727 0.873646 0.883392 0.891386 0.875887 0.890152 0.875887
7pbz_D:D 0.891051 0.869565 0.891608 0.902778 0.887879 0.887879 0.858696 0.858696 0.874286 0.869822 0.874286 0.869822 0.858696 0.858696 0.882759 0.882759 0.895833 0.895833 0.895833 0.881944 0.871345 0.870588 0.896861 0.880435 0.856287 0.873239 0.897260 0.895470 0.896907 0.895105 0.012121 0.012121 0.012121 0.012121 0.012121 0.012121 0.894545 0.009091 0.000000 0.000000 0.000000 0.000000 0.000000 0.012232 0.012232 0.012232 0.012232 0.012232 0.012232 0.012232 0.593939 0.018182 0.018182 0.018182 0.012232 0.012232 0.012232 0.012232 0.012232 0.012232 0.012232 0.881226 0.880435 0.890909 0.870370 0.888489 0.012121 0.887879 0.887879 0.886029 0.889286 0.861940 0.885417 0.876812 0.889273 0.009091 0.009091 0.009091 0.009091 0.009091 0.009091 0.009091 0.009091 0.009091 0.009091 0.009091 0.009091 0.009091 0.009091 0.009091 0.018182 0.018182 0.018182 0.018182 0.018182 0.009091 0.009091 0.009091 0.009091 0.009091 0.018182 0.027273 0.018182 0.027273 0.018182 0.009091 0.009091 0.009091 0.009091 0.009091 0.021212 0.021212 0.872727 0.873646 0.883392 0.891386 0.875887 0.890152 0.875887
7pc0_C:C 0.891051 0.869565 0.891608 0.902778 0.887879 0.887879 0.858696 0.858696 0.874286 0.869822 0.874286 0.869822 0.858696 0.858696 0.882759 0.882759 0.895833 0.895833 0.895833 0.881944 0.871345 0.870588 0.896861 0.880435 0.856287 0.873239 0.897260 0.895470 0.896907 0.895105 0.012121 0.012121 0.012121 0.012121 0.012121 0.012121 0.894545 0.009091 0.000000 0.000000 0.000000 0.000000 0.000000 0.012232 0.012232 0.012232 0.012232 0.012232 0.012232 0.012232 0.593939 0.018182 0.018182 0.018182 0.012232 0.012232 0.012232 0.012232 0.012232 0.012232 0.012232 0.881226 0.880435 0.890909 0.870370 0.888489 0.012121 0.887879 0.887879 0.886029 0.889286 0.861940 0.885417 0.876812 0.889273 0.009091 0.009091 0.009091 0.009091 0.009091 0.009091 0.009091 0.009091 0.009091 0.009091 0.009091 0.009091 0.009091 0.009091 0.009091 0.018182 0.018182 0.018182 0.018182 0.018182 0.009091 0.009091 0.009091 0.009091 0.009091 0.018182 0.027273 0.018182 0.027273 0.018182 0.009091 0.009091 0.009091 0.009091 0.009091 0.021212 0.021212 0.872727 0.873646 0.883392 0.891386 0.875887 0.890152 0.875887
7pc0_D:D 0.891051 0.869565 0.891608 0.902778 0.887879 0.887879 0.858696 0.858696 0.874286 0.869822 0.874286 0.869822 0.858696 0.858696 0.882759 0.882759 0.895833 0.895833 0.895833 0.881944 0.871345 0.870588 0.896861 0.880435 0.856287 0.873239 0.897260 0.895470 0.896907 0.895105 0.012121 0.012121 0.012121 0.012121 0.012121 0.012121 0.894545 0.009091 0.000000 0.000000 0.000000 0.000000 0.000000 0.012232 0.012232 0.012232 0.012232 0.012232 0.012232 0.012232 0.593939 0.018182 0.018182 0.018182 0.012232 0.012232 0.012232 0.012232 0.012232 0.012232 0.012232 0.881226 0.880435 0.890909 0.870370 0.888489 0.012121 0.887879 0.887879 0.886029 0.889286 0.861940 0.885417 0.876812 0.889273 0.009091 0.009091 0.009091 0.009091 0.009091 0.009091 0.009091 0.009091 0.009091 0.009091 0.009091 0.009091 0.009091 0.009091 0.009091 0.018182 0.018182 0.018182 0.018182 0.018182 0.009091 0.009091 0.009091 0.009091 0.009091 0.018182 0.027273 0.018182 0.027273 0.018182 0.009091 0.009091 0.009091 0.009091 0.009091 0.021212 0.021212 0.872727 0.873646 0.883392 0.891386 0.875887 0.890152 0.875887
7qn7_B:B 0.891051 0.875000 0.905594 0.902778 0.892966 0.892966 0.858696 0.858696 0.880000 0.869822 0.880000 0.869822 0.858696 0.858696 0.882759 0.882759 0.895833 0.895833 0.895833 0.888889 0.871345 0.870588 0.901345 0.896739 0.856287 0.873239 0.893836 0.891986 0.893471 0.891608 0.015291 0.015291 0.015291 0.015291 0.015291 0.012232 0.894545 0.012232 0.012232 0.012232 0.012232 0.012232 0.012232 0.000000 0.000000 0.000000 0.000000 0.000000 0.000000 0.000000 0.590214 0.012232 0.012232 0.012232 0.000000 0.000000 0.000000 0.000000 0.000000 0.000000 0.000000 0.881226 0.884058 0.889908 0.874074 0.888489 0.012232 0.883792 0.892966 0.886029 0.889286 0.880597 0.881944 0.880435 0.885813 0.009174 0.009174 0.009174 0.009174 0.009174 0.009174 0.009174 0.009174 0.009174 0.009174 0.009174 0.009174 0.009174 0.009174 0.009174 0.021407 0.021407 0.021407 0.021407 0.021407 0.009174 0.009174 0.009174 0.009174 0.009174 0.018349 0.027523 0.018349 0.027523 0.018349 0.009174 0.009174 0.009174 0.009174 0.009174 0.015291 0.015291 0.883636 0.880866 0.883392 0.880150 0.882979 0.886364 0.882979
7qn7_C:C 0.891051 0.875000 0.905594 0.902778 0.892966 0.892966 0.858696 0.858696 0.880000 0.869822 0.880000 0.869822 0.858696 0.858696 0.882759 0.882759 0.895833 0.895833 0.895833 0.888889 0.871345 0.870588 0.901345 0.896739 0.856287 0.873239 0.893836 0.891986 0.893471 0.891608 0.015291 0.015291 0.015291 0.015291 0.015291 0.012232 0.894545 0.012232 0.012232 0.012232 0.012232 0.012232 0.012232 0.000000 0.000000 0.000000 0.000000 0.000000 0.000000 0.000000 0.590214 0.012232 0.012232 0.012232 0.000000 0.000000 0.000000 0.000000 0.000000 0.000000 0.000000 0.881226 0.884058 0.889908 0.874074 0.888489 0.012232 0.883792 0.892966 0.886029 0.889286 0.880597 0.881944 0.880435 0.885813 0.009174 0.009174 0.009174 0.009174 0.009174 0.009174 0.009174 0.009174 0.009174 0.009174 0.009174 0.009174 0.009174 0.009174 0.009174 0.021407 0.021407 0.021407 0.021407 0.021407 0.009174 0.009174 0.009174 0.009174 0.009174 0.018349 0.027523 0.018349 0.027523 0.018349 0.009174 0.009174 0.009174 0.009174 0.009174 0.015291 0.015291 0.883636 0.880866 0.883392 0.880150 0.882979 0.886364 0.882979
7qn7_D:D 0.891051 0.875000 0.905594 0.902778 0.892966 0.892966 0.858696 0.858696 0.880000 0.869822 0.880000 0.869822 0.858696 0.858696 0.882759 0.882759 0.895833 0.895833 0.895833 0.888889 0.871345 0.870588 0.901345 0.896739 0.856287 0.873239 0.893836 0.891986 0.893471 0.891608 0.015291 0.015291 0.015291 0.015291 0.015291 0.012232 0.894545 0.012232 0.012232 0.012232 0.012232 0.012232 0.012232 0.000000 0.000000 0.000000 0.000000 0.000000 0.000000 0.000000 0.590214 0.012232 0.012232 0.012232 0.000000 0.000000 0.000000 0.000000 0.000000 0.000000 0.000000 0.881226 0.884058 0.889908 0.874074 0.888489 0.012232 0.883792 0.892966 0.886029 0.889286 0.880597 0.881944 0.880435 0.885813 0.009174 0.009174 0.009174 0.009174 0.009174 0.009174 0.009174 0.009174 0.009174 0.009174 0.009174 0.009174 0.009174 0.009174 0.009174 0.021407 0.021407 0.021407 0.021407 0.021407 0.009174 0.009174 0.009174 0.009174 0.009174 0.018349 0.027523 0.018349 0.027523 0.018349 0.009174 0.009174 0.009174 0.009174 0.009174 0.015291 0.015291 0.883636 0.880866 0.883392 0.880150 0.882979 0.886364 0.882979
7qn8_A:A 0.891051 0.875000 0.905594 0.902778 0.892966 0.892966 0.858696 0.858696 0.880000 0.869822 0.880000 0.869822 0.858696 0.858696 0.882759 0.882759 0.895833 0.895833 0.895833 0.888889 0.871345 0.870588 0.901345 0.896739 0.856287 0.873239 0.893836 0.891986 0.893471 0.891608 0.015291 0.015291 0.015291 0.015291 0.015291 0.012232 0.894545 0.012232 0.012232 0.012232 0.012232 0.012232 0.012232 0.000000 0.000000 0.000000 0.000000 0.000000 0.000000 0.000000 0.590214 0.012232 0.012232 0.012232 0.000000 0.000000 0.000000 0.000000 0.000000 0.000000 0.000000 0.881226 0.884058 0.889908 0.874074 0.888489 0.012232 0.883792 0.892966 0.886029 0.889286 0.880597 0.881944 0.880435 0.885813 0.009174 0.009174 0.009174 0.009174 0.009174 0.009174 0.009174 0.009174 0.009174 0.009174 0.009174 0.009174 0.009174 0.009174 0.009174 0.021407 0.021407 0.021407 0.021407 0.021407 0.009174 0.009174 0.009174 0.009174 0.009174 0.018349 0.027523 0.018349 0.027523 0.018349 0.009174 0.009174 0.009174 0.009174 0.009174 0.015291 0.015291 0.883636 0.880866 0.883392 0.880150 0.882979 0.886364 0.882979
7qn8_B:B 0.891051 0.875000 0.905594 0.902778 0.892966 0.892966 0.858696 0.858696 0.880000 0.869822 0.880000 0.869822 0.858696 0.858696 0.882759 0.882759 0.895833 0.895833 0.895833 0.888889 0.871345 0.870588 0.901345 0.896739 0.856287 0.873239 0.893836 0.891986 0.893471 0.891608 0.015291 0.015291 0.015291 0.015291 0.015291 0.012232 0.894545 0.012232 0.012232 0.012232 0.012232 0.012232 0.012232 0.000000 0.000000 0.000000 0.000000 0.000000 0.000000 0.000000 0.590214 0.012232 0.012232 0.012232 0.000000 0.000000 0.000000 0.000000 0.000000 0.000000 0.000000 0.881226 0.884058 0.889908 0.874074 0.888489 0.012232 0.883792 0.892966 0.886029 0.889286 0.880597 0.881944 0.880435 0.885813 0.009174 0.009174 0.009174 0.009174 0.009174 0.009174 0.009174 0.009174 0.009174 0.009174 0.009174 0.009174 0.009174 0.009174 0.009174 0.021407 0.021407 0.021407 0.021407 0.021407 0.009174 0.009174 0.009174 0.009174 0.009174 0.018349 0.027523 0.018349 0.027523 0.018349 0.009174 0.009174 0.009174 0.009174 0.009174 0.015291 0.015291 0.883636 0.880866 0.883392 0.880150 0.882979 0.886364 0.882979
7qn8_C:C 0.891051 0.875000 0.905594 0.902778 0.892966 0.892966 0.858696 0.858696 0.880000 0.869822 0.880000 0.869822 0.858696 0.858696 0.882759 0.882759 0.895833 0.895833 0.895833 0.888889 0.871345 0.870588 0.901345 0.896739 0.856287 0.873239 0.893836 0.891986 0.893471 0.891608 0.015291 0.015291 0.015291 0.015291 0.015291 0.012232 0.894545 0.012232 0.012232 0.012232 0.012232 0.012232 0.012232 0.000000 0.000000 0.000000 0.000000 0.000000 0.000000 0.000000 0.590214 0.012232 0.012232 0.012232 0.000000 0.000000 0.000000 0.000000 0.000000 0.000000 0.000000 0.881226 0.884058 0.889908 0.874074 0.888489 0.012232 0.883792 0.892966 0.886029 0.889286 0.880597 0.881944 0.880435 0.885813 0.009174 0.009174 0.009174 0.009174 0.009174 0.009174 0.009174 0.009174 0.009174 0.009174 0.009174 0.009174 0.009174 0.009174 0.009174 0.021407 0.021407 0.021407 0.021407 0.021407 0.009174 0.009174 0.009174 0.009174 0.009174 0.018349 0.027523 0.018349 0.027523 0.018349 0.009174 0.009174 0.009174 0.009174 0.009174 0.015291 0.015291 0.883636 0.880866 0.883392 0.880150 0.882979 0.886364 0.882979
7qn8_D:D 0.891051 0.875000 0.905594 0.902778 0.892966 0.892966 0.858696 0.858696 0.880000 0.869822 0.880000 0.869822 0.858696 0.858696 0.882759 0.882759 0.895833 0.895833 0.895833 0.888889 0.871345 0.870588 0.901345 0.896739 0.856287 0.873239 0.893836 0.891986 0.893471 0.891608 0.015291 0.015291 0.015291 0.015291 0.015291 0.012232 0.894545 0.012232 0.012232 0.012232 0.012232 0.012232 0.012232 0.000000 0.000000 0.000000 0.000000 0.000000 0.000000 0.000000 0.590214 0.012232 0.012232 0.012232 0.000000 0.000000 0.000000 0.000000 0.000000 0.000000 0.000000 0.881226 0.884058 0.889908 0.874074 0.888489 0.012232 0.883792 0.892966 0.886029 0.889286 0.880597 0.881944 0.880435 0.885813 0.009174 0.009174 0.009174 0.009174 0.009174 0.009174 0.009174 0.009174 0.009174 0.009174 0.009174 0.009174 0.009174 0.009174 0.009174 0.021407 0.021407 0.021407 0.021407 0.021407 0.009174 0.009174 0.009174 0.009174 0.009174 0.018349 0.027523 0.018349 0.027523 0.018349 0.009174 0.009174 0.009174 0.009174 0.009174 0.015291 0.015291 0.883636 0.880866 0.883392 0.880150 0.882979 0.886364 0.882979
7qn9_A:A 0.887160 0.875000 0.895105 0.895833 0.894895 0.894895 0.891304 0.891304 0.891429 0.899408 0.891429 0.899408 0.880435 0.880435 0.875862 0.875862 0.888889 0.888889 0.888889 0.881944 0.894737 0.900000 0.892377 0.885870 0.850299 0.887324 0.897260 0.895470 0.896907 0.895105 0.591592 0.591592 0.591592 0.591592 0.591592 0.591592 0.887273 0.597598 0.593939 0.593939 0.593939 0.593939 0.593939 0.590214 0.590214 0.590214 0.590214 0.590214 0.590214 0.590214 0.000000 0.586103 0.586103 0.586103 0.590214 0.590214 0.590214 0.590214 0.590214 0.590214 0.590214 0.881226 0.887681 0.891892 0.892593 0.888489 0.591592 0.891892 0.882883 0.882353 0.892857 0.884328 0.895833 0.891304 0.896194 0.594595 0.594595 0.594595 0.594595 0.594595 0.594595 0.594595 0.594595 0.594595 0.594595 0.594595 0.594595 0.594595 0.594595 0.594595 0.603604 0.603604 0.603604 0.603604 0.603604 0.594595 0.594595 0.594595 0.594595 0.594595 0.603604 0.612613 0.603604 0.612613 0.603604 0.594595 0.594595 0.594595 0.594595 0.594595 0.584848 0.584848 0.872727 0.895307 0.890459 0.872659 0.886525 0.875000 0.886525
7qn9_B:B 0.891051 0.875000 0.905594 0.902778 0.891239 0.891239 0.858696 0.858696 0.880000 0.875740 0.880000 0.875740 0.858696 0.858696 0.882759 0.882759 0.881944 0.881944 0.881944 0.888889 0.871345 0.870588 0.892377 0.896739 0.868263 0.873239 0.897260 0.895470 0.896907 0.895105 0.027190 0.027190 0.027190 0.027190 0.027190 0.027190 0.894545 0.024169 0.018182 0.018182 0.018182 0.018182 0.018182 0.012232 0.012232 0.012232 0.012232 0.012232 0.012232 0.012232 0.586103 0.000000 0.000000 0.000000 0.012232 0.012232 0.012232 0.012232 0.012232 0.012232 0.012232 0.877395 0.884058 0.894260 0.874074 0.888489 0.027190 0.885196 0.891239 0.886029 0.885714 0.876866 0.885417 0.880435 0.889273 0.024169 0.024169 0.024169 0.024169 0.024169 0.024169 0.024169 0.024169 0.024169 0.024169 0.024169 0.024169 0.024169 0.024169 0.024169 0.033233 0.033233 0.033233 0.033233 0.033233 0.024169 0.024169 0.024169 0.024169 0.024169 0.033233 0.042296 0.033233 0.042296 0.033233 0.024169 0.024169 0.024169 0.024169 0.024169 0.000000 0.000000 0.887273 0.880866 0.883392 0.891386 0.882979 0.890152 0.882979
7qn9_C:C 0.891051 0.875000 0.905594 0.902778 0.891239 0.891239 0.858696 0.858696 0.880000 0.875740 0.880000 0.875740 0.858696 0.858696 0.882759 0.882759 0.881944 0.881944 0.881944 0.888889 0.871345 0.870588 0.892377 0.896739 0.868263 0.873239 0.897260 0.895470 0.896907 0.895105 0.027190 0.027190 0.027190 0.027190 0.027190 0.027190 0.894545 0.024169 0.018182 0.018182 0.018182 0.018182 0.018182 0.012232 0.012232 0.012232 0.012232 0.012232 0.012232 0.012232 0.586103 0.000000 0.000000 0.000000 0.012232 0.012232 0.012232 0.012232 0.012232 0.012232 0.012232 0.877395 0.884058 0.894260 0.874074 0.888489 0.027190 0.885196 0.891239 0.886029 0.885714 0.876866 0.885417 0.880435 0.889273 0.024169 0.024169 0.024169 0.024169 0.024169 0.024169 0.024169 0.024169 0.024169 0.024169 0.024169 0.024169 0.024169 0.024169 0.024169 0.033233 0.033233 0.033233 0.033233 0.033233 0.024169 0.024169 0.024169 0.024169 0.024169 0.033233 0.042296 0.033233 0.042296 0.033233 0.024169 0.024169 0.024169 0.024169 0.024169 0.000000 0.000000 0.887273 0.880866 0.883392 0.891386 0.882979 0.890152 0.882979
7qn9_D:D 0.891051 0.875000 0.905594 0.902778 0.891239 0.891239 0.858696 0.858696 0.880000 0.875740 0.880000 0.875740 0.858696 0.858696 0.882759 0.882759 0.881944 0.881944 0.881944 0.888889 0.871345 0.870588 0.892377 0.896739 0.868263 0.873239 0.897260 0.895470 0.896907 0.895105 0.027190 0.027190 0.027190 0.027190 0.027190 0.027190 0.894545 0.024169 0.018182 0.018182 0.018182 0.018182 0.018182 0.012232 0.012232 0.012232 0.012232 0.012232 0.012232 0.012232 0.586103 0.000000 0.000000 0.000000 0.012232 0.012232 0.012232 0.012232 0.012232 0.012232 0.012232 0.877395 0.884058 0.894260 0.874074 0.888489 0.027190 0.885196 0.891239 0.886029 0.885714 0.876866 0.885417 0.880435 0.889273 0.024169 0.024169 0.024169 0.024169 0.024169 0.024169 0.024169 0.024169 0.024169 0.024169 0.024169 0.024169 0.024169 0.024169 0.024169 0.033233 0.033233 0.033233 0.033233 0.033233 0.024169 0.024169 0.024169 0.024169 0.024169 0.033233 0.042296 0.033233 0.042296 0.033233 0.024169 0.024169 0.024169 0.024169 0.024169 0.000000 0.000000 0.887273 0.880866 0.883392 0.891386 0.882979 0.890152 0.882979
7qnc_B:B 0.891051 0.875000 0.905594 0.902778 0.892966 0.892966 0.858696 0.858696 0.880000 0.869822 0.880000 0.869822 0.858696 0.858696 0.882759 0.882759 0.895833 0.895833 0.895833 0.888889 0.871345 0.870588 0.901345 0.896739 0.856287 0.873239 0.893836 0.891986 0.893471 0.891608 0.015291 0.015291 0.015291 0.015291 0.015291 0.012232 0.894545 0.012232 0.012232 0.012232 0.012232 0.012232 0.012232 0.000000 0.000000 0.000000 0.000000 0.000000 0.000000 0.000000 0.590214 0.012232 0.012232 0.012232 0.000000 0.000000 0.000000 0.000000 0.000000 0.000000 0.000000 0.881226 0.884058 0.889908 0.874074 0.888489 0.012232 0.883792 0.892966 0.886029 0.889286 0.880597 0.881944 0.880435 0.885813 0.009174 0.009174 0.009174 0.009174 0.009174 0.009174 0.009174 0.009174 0.009174 0.009174 0.009174 0.009174 0.009174 0.009174 0.009174 0.021407 0.021407 0.021407 0.021407 0.021407 0.009174 0.009174 0.009174 0.009174 0.009174 0.018349 0.027523 0.018349 0.027523 0.018349 0.009174 0.009174 0.009174 0.009174 0.009174 0.015291 0.015291 0.883636 0.880866 0.883392 0.880150 0.882979 0.886364 0.882979
7qnc_C:C 0.891051 0.875000 0.905594 0.902778 0.892966 0.892966 0.858696 0.858696 0.880000 0.869822 0.880000 0.869822 0.858696 0.858696 0.882759 0.882759 0.895833 0.895833 0.895833 0.888889 0.871345 0.870588 0.901345 0.896739 0.856287 0.873239 0.893836 0.891986 0.893471 0.891608 0.015291 0.015291 0.015291 0.015291 0.015291 0.012232 0.894545 0.012232 0.012232 0.012232 0.012232 0.012232 0.012232 0.000000 0.000000 0.000000 0.000000 0.000000 0.000000 0.000000 0.590214 0.012232 0.012232 0.012232 0.000000 0.000000 0.000000 0.000000 0.000000 0.000000 0.000000 0.881226 0.884058 0.889908 0.874074 0.888489 0.012232 0.883792 0.892966 0.886029 0.889286 0.880597 0.881944 0.880435 0.885813 0.009174 0.009174 0.009174 0.009174 0.009174 0.009174 0.009174 0.009174 0.009174 0.009174 0.009174 0.009174 0.009174 0.009174 0.009174 0.021407 0.021407 0.021407 0.021407 0.021407 0.009174 0.009174 0.009174 0.009174 0.009174 0.018349 0.027523 0.018349 0.027523 0.018349 0.009174 0.009174 0.009174 0.009174 0.009174 0.015291 0.015291 0.883636 0.880866 0.883392 0.880150 0.882979 0.886364 0.882979
7qnc_D:D 0.891051 0.875000 0.905594 0.902778 0.892966 0.892966 0.858696 0.858696 0.880000 0.869822 0.880000 0.869822 0.858696 0.858696 0.882759 0.882759 0.895833 0.895833 0.895833 0.888889 0.871345 0.870588 0.901345 0.896739 0.856287 0.873239 0.893836 0.891986 0.893471 0.891608 0.015291 0.015291 0.015291 0.015291 0.015291 0.012232 0.894545 0.012232 0.012232 0.012232 0.012232 0.012232 0.012232 0.000000 0.000000 0.000000 0.000000 0.000000 0.000000 0.000000 0.590214 0.012232 0.012232 0.012232 0.000000 0.000000 0.000000 0.000000 0.000000 0.000000 0.000000 0.881226 0.884058 0.889908 0.874074 0.888489 0.012232 0.883792 0.892966 0.886029 0.889286 0.880597 0.881944 0.880435 0.885813 0.009174 0.009174 0.009174 0.009174 0.009174 0.009174 0.009174 0.009174 0.009174 0.009174 0.009174 0.009174 0.009174 0.009174 0.009174 0.021407 0.021407 0.021407 0.021407 0.021407 0.009174 0.009174 0.009174 0.009174 0.009174 0.018349 0.027523 0.018349 0.027523 0.018349 0.009174 0.009174 0.009174 0.009174 0.009174 0.015291 0.015291 0.883636 0.880866 0.883392 0.880150 0.882979 0.886364 0.882979
7qnd_A:A 0.891051 0.875000 0.905594 0.902778 0.892966 0.892966 0.858696 0.858696 0.880000 0.869822 0.880000 0.869822 0.858696 0.858696 0.882759 0.882759 0.895833 0.895833 0.895833 0.888889 0.871345 0.870588 0.901345 0.896739 0.856287 0.873239 0.893836 0.891986 0.893471 0.891608 0.015291 0.015291 0.015291 0.015291 0.015291 0.012232 0.894545 0.012232 0.012232 0.012232 0.012232 0.012232 0.012232 0.000000 0.000000 0.000000 0.000000 0.000000 0.000000 0.000000 0.590214 0.012232 0.012232 0.012232 0.000000 0.000000 0.000000 0.000000 0.000000 0.000000 0.000000 0.881226 0.884058 0.889908 0.874074 0.888489 0.012232 0.883792 0.892966 0.886029 0.889286 0.880597 0.881944 0.880435 0.885813 0.009174 0.009174 0.009174 0.009174 0.009174 0.009174 0.009174 0.009174 0.009174 0.009174 0.009174 0.009174 0.009174 0.009174 0.009174 0.021407 0.021407 0.021407 0.021407 0.021407 0.009174 0.009174 0.009174 0.009174 0.009174 0.018349 0.027523 0.018349 0.027523 0.018349 0.009174 0.009174 0.009174 0.009174 0.009174 0.015291 0.015291 0.883636 0.880866 0.883392 0.880150 0.882979 0.886364 0.882979
7qnd_B:B 0.891051 0.875000 0.905594 0.902778 0.892966 0.892966 0.858696 0.858696 0.880000 0.869822 0.880000 0.869822 0.858696 0.858696 0.882759 0.882759 0.895833 0.895833 0.895833 0.888889 0.871345 0.870588 0.901345 0.896739 0.856287 0.873239 0.893836 0.891986 0.893471 0.891608 0.015291 0.015291 0.015291 0.015291 0.015291 0.012232 0.894545 0.012232 0.012232 0.012232 0.012232 0.012232 0.012232 0.000000 0.000000 0.000000 0.000000 0.000000 0.000000 0.000000 0.590214 0.012232 0.012232 0.012232 0.000000 0.000000 0.000000 0.000000 0.000000 0.000000 0.000000 0.881226 0.884058 0.889908 0.874074 0.888489 0.012232 0.883792 0.892966 0.886029 0.889286 0.880597 0.881944 0.880435 0.885813 0.009174 0.009174 0.009174 0.009174 0.009174 0.009174 0.009174 0.009174 0.009174 0.009174 0.009174 0.009174 0.009174 0.009174 0.009174 0.021407 0.021407 0.021407 0.021407 0.021407 0.009174 0.009174 0.009174 0.009174 0.009174 0.018349 0.027523 0.018349 0.027523 0.018349 0.009174 0.009174 0.009174 0.009174 0.009174 0.015291 0.015291 0.883636 0.880866 0.883392 0.880150 0.882979 0.886364 0.882979
7qnd_C:C 0.891051 0.875000 0.905594 0.902778 0.892966 0.892966 0.858696 0.858696 0.880000 0.869822 0.880000 0.869822 0.858696 0.858696 0.882759 0.882759 0.895833 0.895833 0.895833 0.888889 0.871345 0.870588 0.901345 0.896739 0.856287 0.873239 0.893836 0.891986 0.893471 0.891608 0.015291 0.015291 0.015291 0.015291 0.015291 0.012232 0.894545 0.012232 0.012232 0.012232 0.012232 0.012232 0.012232 0.000000 0.000000 0.000000 0.000000 0.000000 0.000000 0.000000 0.590214 0.012232 0.012232 0.012232 0.000000 0.000000 0.000000 0.000000 0.000000 0.000000 0.000000 0.881226 0.884058 0.889908 0.874074 0.888489 0.012232 0.883792 0.892966 0.886029 0.889286 0.880597 0.881944 0.880435 0.885813 0.009174 0.009174 0.009174 0.009174 0.009174 0.009174 0.009174 0.009174 0.009174 0.009174 0.009174 0.009174 0.009174 0.009174 0.009174 0.021407 0.021407 0.021407 0.021407 0.021407 0.009174 0.009174 0.009174 0.009174 0.009174 0.018349 0.027523 0.018349 0.027523 0.018349 0.009174 0.009174 0.009174 0.009174 0.009174 0.015291 0.015291 0.883636 0.880866 0.883392 0.880150 0.882979 0.886364 0.882979
7qnd_D:D 0.891051 0.875000 0.905594 0.902778 0.892966 0.892966 0.858696 0.858696 0.880000 0.869822 0.880000 0.869822 0.858696 0.858696 0.882759 0.882759 0.895833 0.895833 0.895833 0.888889 0.871345 0.870588 0.901345 0.896739 0.856287 0.873239 0.893836 0.891986 0.893471 0.891608 0.015291 0.015291 0.015291 0.015291 0.015291 0.012232 0.894545 0.012232 0.012232 0.012232 0.012232 0.012232 0.012232 0.000000 0.000000 0.000000 0.000000 0.000000 0.000000 0.000000 0.590214 0.012232 0.012232 0.012232 0.000000 0.000000 0.000000 0.000000 0.000000 0.000000 0.000000 0.881226 0.884058 0.889908 0.874074 0.888489 0.012232 0.883792 0.892966 0.886029 0.889286 0.880597 0.881944 0.880435 0.885813 0.009174 0.009174 0.009174 0.009174 0.009174 0.009174 0.009174 0.009174 0.009174 0.009174 0.009174 0.009174 0.009174 0.009174 0.009174 0.021407 0.021407 0.021407 0.021407 0.021407 0.009174 0.009174 0.009174 0.009174 0.009174 0.018349 0.027523 0.018349 0.027523 0.018349 0.009174 0.009174 0.009174 0.009174 0.009174 0.015291 0.015291 0.883636 0.880866 0.883392 0.880150 0.882979 0.886364 0.882979
7yfc_R:R 0.894942 0.880435 0.904215 0.911877 0.881226 0.881226 0.875000 0.875000 0.868571 0.869822 0.868571 0.869822 0.869565 0.869565 0.882759 0.882759 0.902778 0.902778 0.902778 0.875000 0.871345 0.870588 0.892377 0.875000 0.880240 0.887324 0.888889 0.888889 0.888889 0.888889 0.885057 0.885057 0.885057 0.885057 0.885057 0.885057 0.754789 0.877395 0.881226 0.881226 0.881226 0.881226 0.881226 0.881226 0.881226 0.881226 0.881226 0.881226 0.881226 0.881226 0.881226 0.877395 0.877395 0.877395 0.881226 0.881226 0.881226 0.881226 0.881226 0.881226 0.881226 0.000000 0.084291 0.869732 0.045977 0.781609 0.885057 0.869732 0.881226 0.754789 0.789272 0.785441 0.536398 0.038314 0.536398 0.885057 0.885057 0.885057 0.885057 0.885057 0.885057 0.885057 0.885057 0.885057 0.885057 0.885057 0.885057 0.885057 0.885057 0.885057 0.885057 0.885057 0.885057 0.885057 0.885057 0.885057 0.885057 0.885057 0.885057 0.885057 0.885057 0.885057 0.885057 0.885057 0.885057 0.885057 0.885057 0.885057 0.885057 0.885057 0.877395 0.877395 0.785441 0.034483 0.540230 0.747126 0.034483 0.747126 0.034483
8hn8_R:R 0.891051 0.875000 0.894928 0.902174 0.884058 0.884058 0.891304 0.891304 0.874286 0.875740 0.874286 0.875740 0.875000 0.875000 0.882759 0.882759 0.902778 0.902778 0.902778 0.875000 0.877193 0.876471 0.892377 0.885870 0.856287 0.882629 0.880435 0.880435 0.880435 0.880435 0.884058 0.884058 0.884058 0.884058 0.884058 0.884058 0.767273 0.884058 0.880435 0.880435 0.880435 0.880435 0.880435 0.884058 0.884058 0.884058 0.884058 0.884058 0.884058 0.884058 0.887681 0.884058 0.884058 0.884058 0.884058 0.884058 0.884058 0.884058 0.884058 0.884058 0.884058 0.084291 0.000000 0.876812 0.066667 0.775362 0.884058 0.862319 0.873188 0.746324 0.778986 0.772388 0.539855 0.076087 0.539855 0.884058 0.884058 0.884058 0.884058 0.884058 0.884058 0.884058 0.884058 0.884058 0.884058 0.884058 0.884058 0.884058 0.884058 0.884058 0.884058 0.884058 0.884058 0.884058 0.884058 0.884058 0.884058 0.884058 0.884058 0.884058 0.884058 0.884058 0.884058 0.884058 0.884058 0.884058 0.884058 0.884058 0.884058 0.884058 0.884058 0.884058 0.778182 0.068841 0.543478 0.756554 0.068841 0.753788 0.068841
8jt5_A:A 0.887160 0.896739 0.898601 0.899306 0.880208 0.880208 0.885870 0.885870 0.908571 0.905325 0.908571 0.905325 0.885870 0.885870 0.882759 0.882759 0.868056 0.868056 0.868056 0.854167 0.906433 0.905882 0.856502 0.875000 0.868263 0.882629 0.880137 0.881533 0.879725 0.881119 0.894895 0.894895 0.894895 0.894895 0.894895 0.892216 0.869091 0.886567 0.890909 0.890909 0.890909 0.890909 0.890909 0.889908 0.889908 0.889908 0.889908 0.889908 0.889908 0.889908 0.891892 0.894260 0.894260 0.894260 0.889908 0.889908 0.889908 0.889908 0.889908 0.889908 0.889908 0.869732 0.876812 0.000000 0.874074 0.870504 0.892216 0.255208 0.022039 0.867647 0.864286 0.869403 0.871528 0.873188 0.871972 0.893175 0.893175 0.893175 0.893175 0.893175 0.892216 0.892216 0.892216 0.892216 0.892216 0.892216 0.892216 0.892216 0.892216 0.892216 0.895210 0.895210 0.895210 0.895210 0.895210 0.893175 0.893175 0.893491 0.893175 0.893175 0.890533 0.887906 0.890533 0.887906 0.890533 0.893175 0.893175 0.893175 0.893175 0.893175 0.893939 0.893939 0.858182 0.877256 0.869258 0.861423 0.879433 0.859848 0.879433
8jxt_R:R 0.894942 0.891304 0.896296 0.900000 0.881481 0.881481 0.891304 0.891304 0.874286 0.869822 0.874286 0.869822 0.869565 0.869565 0.862069 0.862069 0.902778 0.902778 0.902778 0.868056 0.871345 0.870588 0.892377 0.891304 0.874251 0.873239 0.877778 0.877778 0.877778 0.877778 0.874074 0.874074 0.874074 0.874074 0.874074 0.874074 0.762963 0.874074 0.870370 0.870370 0.870370 0.870370 0.870370 0.874074 0.874074 0.874074 0.874074 0.874074 0.874074 0.874074 0.892593 0.874074 0.874074 0.874074 0.874074 0.874074 0.874074 0.874074 0.874074 0.874074 0.874074 0.045977 0.066667 0.874074 0.000000 0.774074 0.874074 0.862963 0.881481 0.755556 0.774074 0.787313 0.544444 0.014815 0.544444 0.874074 0.874074 0.874074 0.874074 0.874074 0.874074 0.874074 0.874074 0.874074 0.874074 0.874074 0.874074 0.874074 0.874074 0.874074 0.874074 0.874074 0.874074 0.874074 0.874074 0.874074 0.874074 0.874074 0.874074 0.874074 0.874074 0.874074 0.874074 0.874074 0.874074 0.874074 0.874074 0.874074 0.874074 0.874074 0.874074 0.874074 0.774074 0.011111 0.548148 0.764045 0.011111 0.761364 0.011111
8pok_A:A 0.898833 0.858696 0.892086 0.892086 0.884892 0.884892 0.880435 0.880435 0.891429 0.869822 0.891429 0.869822 0.880435 0.880435 0.868966 0.868966 0.875000 0.875000 0.875000 0.875000 0.900585 0.876471 0.896861 0.891304 0.868263 0.854460 0.892086 0.892086 0.892086 0.892086 0.881295 0.881295 0.881295 0.881295 0.881295 0.881295 0.694545 0.881295 0.888489 0.888489 0.888489 0.888489 0.888489 0.888489 0.888489 0.888489 0.888489 0.888489 0.888489 0.888489 0.888489 0.888489 0.888489 0.888489 0.888489 0.888489 0.888489 0.888489 0.888489 0.888489 0.888489 0.781609 0.775362 0.870504 0.774074 0.000000 0.881295 0.866906 0.866906 0.698529 0.021583 0.041045 0.758993 0.786232 0.748201 0.881295 0.881295 0.881295 0.881295 0.881295 0.881295 0.881295 0.881295 0.881295 0.881295 0.881295 0.881295 0.881295 0.881295 0.881295 0.881295 0.881295 0.881295 0.881295 0.881295 0.881295 0.881295 0.877698 0.881295 0.881295 0.881295 0.881295 0.881295 0.881295 0.881295 0.881295 0.881295 0.881295 0.881295 0.881295 0.888489 0.888489 0.010909 0.787004 0.751799 0.689139 0.787770 0.685606 0.787770
8pvb_A:A 0.883268 0.875000 0.905594 0.902778 0.883234 0.883234 0.858696 0.858696 0.874286 0.869822 0.874286 0.869822 0.858696 0.858696 0.882759 0.882759 0.881944 0.881944 0.881944 0.881944 0.871345 0.870588 0.905830 0.896739 0.856287 0.873239 0.897260 0.895470 0.896907 0.895105 0.000000 0.000000 0.000000 0.000000 0.000000 0.000000 0.887273 0.023952 0.012121 0.012121 0.012121 0.012121 0.012121 0.012232 0.012232 0.012232 0.012232 0.012232 0.012232 0.012232 0.591592 0.027190 0.027190 0.027190 0.012232 0.012232 0.012232 0.012232 0.012232 0.012232 0.012232 0.885057 0.884058 0.892216 0.874074 0.881295 0.000000 0.883234 0.901198 0.886029 0.885714 0.869403 0.885417 0.880435 0.885813 0.002994 0.002994 0.002994 0.002994 0.002994 0.002994 0.002994 0.002994 0.002994 0.002994 0.002994 0.002994 0.002994 0.002994 0.002994 0.014970 0.014970 0.014970 0.014970 0.014970 0.002994 0.002994 0.002994 0.002994 0.002994 0.011976 0.020958 0.011976 0.020958 0.011976 0.002994 0.002994 0.002994 0.002994 0.002994 0.027273 0.027273 0.876364 0.877256 0.879859 0.895131 0.879433 0.893939 0.879433
8tgk_A:A 0.883268 0.869565 0.888112 0.885417 0.882812 0.882812 0.858696 0.858696 0.897143 0.893491 0.897143 0.893491 0.864130 0.864130 0.868966 0.868966 0.881944 0.881944 0.881944 0.868056 0.894737 0.894118 0.869955 0.880435 0.838323 0.873239 0.876712 0.874564 0.876289 0.874126 0.891892 0.891892 0.891892 0.891892 0.891892 0.883234 0.865455 0.871642 0.887879 0.887879 0.887879 0.887879 0.887879 0.883792 0.883792 0.883792 0.883792 0.883792 0.883792 0.883792 0.891892 0.885196 0.885196 0.885196 0.883792 0.883792 0.883792 0.883792 0.883792 0.883792 0.883792 0.869732 0.862319 0.255208 0.862963 0.866906 0.883234 0.000000 0.245179 0.849265 0.867857 0.861940 0.868056 0.865942 0.868512 0.884273 0.884273 0.884273 0.884273 0.884273 0.883234 0.883234 0.883234 0.883234 0.883234 0.883234 0.883234 0.883234 0.883234 0.883234 0.892216 0.892216 0.892216 0.892216 0.892216 0.884273 0.884273 0.884615 0.884273 0.884273 0.887574 0.887906 0.887574 0.887906 0.887574 0.884273 0.884273 0.884273 0.884273 0.884273 0.875758 0.875758 0.858182 0.866426 0.869258 0.857678 0.872340 0.856061 0.872340
8ucn_A:A 0.879377 0.896739 0.898601 0.892361 0.881543 0.881543 0.885870 0.885870 0.885714 0.905325 0.885714 0.905325 0.885870 0.885870 0.875862 0.875862 0.875000 0.875000 0.875000 0.875000 0.888889 0.888235 0.869955 0.875000 0.868263 0.873239 0.883562 0.881533 0.883162 0.881119 0.888889 0.888889 0.888889 0.888889 0.888889 0.901198 0.869091 0.880597 0.887879 0.887879 0.887879 0.887879 0.887879 0.892966 0.892966 0.892966 0.892966 0.892966 0.892966 0.892966 0.882883 0.891239 0.891239 0.891239 0.892966 0.892966 0.892966 0.892966 0.892966 0.892966 0.892966 0.881226 0.873188 0.022039 0.881481 0.866906 0.901198 0.245179 0.000000 0.878676 0.867857 0.876866 0.878472 0.862319 0.878893 0.902077 0.902077 0.902077 0.902077 0.902077 0.901198 0.901198 0.901198 0.901198 0.901198 0.901198 0.901198 0.901198 0.901198 0.901198 0.892216 0.892216 0.892216 0.892216 0.892216 0.902077 0.902077 0.902367 0.902077 0.902077 0.890533 0.890855 0.890533 0.890855 0.890533 0.902077 0.902077 0.902077 0.902077 0.902077 0.890909 0.890909 0.854545 0.888087 0.865724 0.861423 0.890071 0.863636 0.890071
8yn2_R:R 0.887160 0.885870 0.900735 0.900735 0.897059 0.897059 0.891304 0.891304 0.885714 0.899408 0.885714 0.899408 0.891304 0.891304 0.882759 0.882759 0.895833 0.895833 0.895833 0.895833 0.900585 0.900000 0.883408 0.896739 0.880240 0.887324 0.900735 0.900735 0.900735 0.900735 0.886029 0.886029 0.886029 0.886029 0.886029 0.886029 0.033088 0.886029 0.886029 0.886029 0.886029 0.886029 0.886029 0.886029 0.886029 0.886029 0.886029 0.886029 0.886029 0.886029 0.882353 0.886029 0.886029 0.886029 0.886029 0.886029 0.886029 0.886029 0.886029 0.886029 0.886029 0.754789 0.746324 0.867647 0.755556 0.698529 0.886029 0.849265 0.878676 0.000000 0.702206 0.690299 0.731618 0.753676 0.731618 0.886029 0.886029 0.886029 0.886029 0.886029 0.886029 0.886029 0.886029 0.886029 0.886029 0.886029 0.886029 0.886029 0.886029 0.886029 0.889706 0.889706 0.889706 0.889706 0.889706 0.886029 0.886029 0.893382 0.886029 0.886029 0.886029 0.889706 0.886029 0.889706 0.886029 0.886029 0.886029 0.886029 0.886029 0.886029 0.886029 0.886029 0.698529 0.753676 0.731618 0.029963 0.753676 0.022727 0.753676
8yn3_R:R 0.902724 0.869565 0.892857 0.892857 0.878571 0.878571 0.880435 0.880435 0.880000 0.881657 0.880000 0.881657 0.880435 0.880435 0.875862 0.875862 0.895833 0.895833 0.895833 0.888889 0.883041 0.882353 0.887892 0.891304 0.874251 0.863850 0.896429 0.896429 0.896429 0.896429 0.885714 0.885714 0.885714 0.885714 0.885714 0.885714 0.690909 0.882143 0.889286 0.889286 0.889286 0.889286 0.889286 0.889286 0.889286 0.889286 0.889286 0.889286 0.889286 0.889286 0.892857 0.885714 0.885714 0.885714 0.889286 0.889286 0.889286 0.889286 0.889286 0.889286 0.889286 0.789272 0.778986 0.864286 0.774074 0.021583 0.885714 0.867857 0.867857 0.702206 0.000000 0.011194 0.750000 0.789855 0.742857 0.889286 0.889286 0.889286 0.889286 0.889286 0.889286 0.889286 0.889286 0.889286 0.889286 0.889286 0.889286 0.889286 0.889286 0.889286 0.892857 0.892857 0.892857 0.892857 0.892857 0.889286 0.889286 0.889286 0.889286 0.889286 0.889286 0.892857 0.889286 0.892857 0.889286 0.889286 0.889286 0.889286 0.889286 0.889286 0.885714 0.885714 0.010909 0.790614 0.757143 0.689139 0.796429 0.685606 0.796429
8yn4_R:R 0.891051 0.880435 0.888060 0.888060 0.876866 0.876866 0.880435 0.880435 0.885714 0.887574 0.885714 0.887574 0.880435 0.880435 0.889655 0.889655 0.881944 0.881944 0.881944 0.888889 0.888889 0.888235 0.874439 0.885870 0.880240 0.882629 0.891791 0.895522 0.895522 0.895522 0.869403 0.869403 0.869403 0.869403 0.869403 0.869403 0.686567 0.873134 0.861940 0.861940 0.861940 0.861940 0.861940 0.880597 0.880597 0.880597 0.880597 0.880597 0.880597 0.880597 0.884328 0.876866 0.876866 0.876866 0.880597 0.880597 0.880597 0.880597 0.880597 0.880597 0.880597 0.785441 0.772388 0.869403 0.787313 0.041045 0.869403 0.861940 0.876866 0.690299 0.011194 0.000000 0.738806 0.787313 0.731343 0.869403 0.869403 0.869403 0.869403 0.869403 0.869403 0.869403 0.869403 0.869403 0.869403 0.869403 0.869403 0.869403 0.869403 0.869403 0.876866 0.876866 0.876866 0.876866 0.876866 0.869403 0.869403 0.865672 0.869403 0.869403 0.869403 0.884328 0.869403 0.884328 0.869403 0.869403 0.869403 0.869403 0.869403 0.869403 0.873134 0.873134 0.041045 0.794776 0.738806 0.677903 0.783582 0.674242 0.783582
8yn5_R:R 0.902724 0.885870 0.895105 0.895833 0.878472 0.878472 0.896739 0.896739 0.874286 0.875740 0.874286 0.875740 0.896739 0.896739 0.882759 0.882759 0.888889 0.888889 0.888889 0.895833 0.877193 0.876471 0.892377 0.880435 0.880240 0.873239 0.881944 0.885017 0.881944 0.884615 0.885417 0.885417 0.885417 0.885417 0.885417 0.885417 0.720000 0.881944 0.885417 0.885417 0.885417 0.885417 0.885417 0.881944 0.881944 0.881944 0.881944 0.881944 0.881944 0.881944 0.895833 0.885417 0.885417 0.885417 0.881944 0.881944 0.881944 0.881944 0.881944 0.881944 0.881944 0.536398 0.539855 0.871528 0.544444 0.758993 0.885417 0.868056 0.878472 0.731618 0.750000 0.738806 0.000000 0.550725 0.013889 0.885417 0.885417 0.885417 0.885417 0.885417 0.885417 0.885417 0.885417 0.885417 0.885417 0.885417 0.885417 0.885417 0.885417 0.885417 0.878472 0.878472 0.878472 0.878472 0.878472 0.885417 0.885417 0.885417 0.885417 0.885417 0.881944 0.881944 0.881944 0.881944 0.881944 0.885417 0.885417 0.885417 0.885417 0.885417 0.885417 0.885417 0.752727 0.552347 0.024735 0.726592 0.560284 0.723485 0.560284
8yn9_R:R 0.894942 0.880435 0.905797 0.913043 0.880435 0.880435 0.891304 0.891304 0.868571 0.869822 0.868571 0.869822 0.891304 0.891304 0.868966 0.868966 0.902778 0.902778 0.902778 0.875000 0.871345 0.870588 0.896861 0.875000 0.862275 0.887324 0.880435 0.880435 0.880435 0.880435 0.880435 0.880435 0.880435 0.880435 0.880435 0.880435 0.767273 0.876812 0.876812 0.876812 0.876812 0.876812 0.876812 0.880435 0.880435 0.880435 0.880435 0.880435 0.880435 0.880435 0.891304 0.880435 0.880435 0.880435 0.880435 0.880435 0.880435 0.880435 0.880435 0.880435 0.880435 0.038314 0.076087 0.873188 0.014815 0.786232 0.880435 0.865942 0.862319 0.753676 0.789855 0.787313 0.550725 0.000000 0.550725 0.880435 0.880435 0.880435 0.880435 0.880435 0.880435 0.880435 0.880435 0.880435 0.880435 0.880435 0.880435 0.880435 0.880435 0.880435 0.884058 0.884058 0.884058 0.884058 0.884058 0.880435 0.880435 0.880435 0.880435 0.880435 0.884058 0.884058 0.884058 0.884058 0.884058 0.880435 0.880435 0.880435 0.880435 0.880435 0.880435 0.880435 0.789091 0.018116 0.554348 0.749064 0.010870 0.746212 0.010870
8yuu_R:R 0.898833 0.896739 0.909091 0.909722 0.882353 0.882353 0.891304 0.891304 0.868571 0.875740 0.868571 0.875740 0.891304 0.891304 0.868966 0.868966 0.888889 0.888889 0.888889 0.881944 0.877193 0.876471 0.892377 0.875000 0.886228 0.873239 0.885813 0.885017 0.885813 0.888112 0.889273 0.889273 0.889273 0.889273 0.889273 0.885813 0.723636 0.885813 0.889273 0.889273 0.889273 0.889273 0.889273 0.885813 0.885813 0.885813 0.885813 0.885813 0.885813 0.885813 0.896194 0.889273 0.889273 0.889273 0.885813 0.885813 0.885813 0.885813 0.885813 0.885813 0.885813 0.536398 0.539855 0.871972 0.544444 0.748201 0.885813 0.868512 0.878893 0.731618 0.742857 0.731343 0.013889 0.550725 0.000000 0.885813 0.885813 0.885813 0.885813 0.885813 0.885813 0.885813 0.885813 0.885813 0.885813 0.885813 0.885813 0.885813 0.885813 0.885813 0.878893 0.878893 0.878893 0.878893 0.878893 0.885813 0.885813 0.889273 0.885813 0.885813 0.882353 0.885813 0.882353 0.885813 0.882353 0.885813 0.885813 0.885813 0.885813 0.885813 0.892734 0.892734 0.741818 0.552347 0.017668 0.726592 0.560284 0.723485 0.560284
9feu_A:A 0.894942 0.875000 0.905594 0.906250 0.890208 0.890208 0.858696 0.858696 0.868571 0.875740 0.868571 0.875740 0.858696 0.858696 0.882759 0.882759 0.881944 0.881944 0.881944 0.895833 0.871345 0.864706 0.901345 0.880435 0.856287 0.873239 0.897260 0.895470 0.896907 0.895105 0.003003 0.003003 0.003003 0.003003 0.003003 0.002994 0.887273 0.023881 0.009091 0.009091 0.009091 0.009091 0.009091 0.009174 0.009174 0.009174 0.009174 0.009174 0.009174 0.009174 0.594595 0.024169 0.024169 0.024169 0.009174 0.009174 0.009174 0.009174 0.009174 0.009174 0.009174 0.885057 0.884058 0.893175 0.874074 0.881295 0.002994 0.884273 0.902077 0.886029 0.889286 0.869403 0.885417 0.880435 0.885813 0.000000 0.000000 0.000000 0.000000 0.000000 0.000000 0.000000 0.000000 0.000000 0.000000 0.000000 0.000000 0.000000 0.000000 0.000000 0.011976 0.011976 0.011976 0.011976 0.011976 0.000000 0.000000 0.000000 0.000000 0.000000 0.008902 0.017804 0.008902 0.017804 0.008902 0.000000 0.000000 0.000000 0.000000 0.000000 0.024242 0.024242 0.883636 0.877256 0.879859 0.891386 0.879433 0.890152 0.879433
9feu_B:B 0.894942 0.875000 0.905594 0.906250 0.890208 0.890208 0.858696 0.858696 0.868571 0.875740 0.868571 0.875740 0.858696 0.858696 0.882759 0.882759 0.881944 0.881944 0.881944 0.895833 0.871345 0.864706 0.901345 0.880435 0.856287 0.873239 0.897260 0.895470 0.896907 0.895105 0.003003 0.003003 0.003003 0.003003 0.003003 0.002994 0.887273 0.023881 0.009091 0.009091 0.009091 0.009091 0.009091 0.009174 0.009174 0.009174 0.009174 0.009174 0.009174 0.009174 0.594595 0.024169 0.024169 0.024169 0.009174 0.009174 0.009174 0.009174 0.009174 0.009174 0.009174 0.885057 0.884058 0.893175 0.874074 0.881295 0.002994 0.884273 0.902077 0.886029 0.889286 0.869403 0.885417 0.880435 0.885813 0.000000 0.000000 0.000000 0.000000 0.000000 0.000000 0.000000 0.000000 0.000000 0.000000 0.000000 0.000000 0.000000 0.000000 0.000000 0.011976 0.011976 0.011976 0.011976 0.011976 0.000000 0.000000 0.000000 0.000000 0.000000 0.008902 0.017804 0.008902 0.017804 0.008902 0.000000 0.000000 0.000000 0.000000 0.000000 0.024242 0.024242 0.883636 0.877256 0.879859 0.891386 0.879433 0.890152 0.879433
9feu_C:C 0.894942 0.875000 0.905594 0.906250 0.890208 0.890208 0.858696 0.858696 0.868571 0.875740 0.868571 0.875740 0.858696 0.858696 0.882759 0.882759 0.881944 0.881944 0.881944 0.895833 0.871345 0.864706 0.901345 0.880435 0.856287 0.873239 0.897260 0.895470 0.896907 0.895105 0.003003 0.003003 0.003003 0.003003 0.003003 0.002994 0.887273 0.023881 0.009091 0.009091 0.009091 0.009091 0.009091 0.009174 0.009174 0.009174 0.009174 0.009174 0.009174 0.009174 0.594595 0.024169 0.024169 0.024169 0.009174 0.009174 0.009174 0.009174 0.009174 0.009174 0.009174 0.885057 0.884058 0.893175 0.874074 0.881295 0.002994 0.884273 0.902077 0.886029 0.889286 0.869403 0.885417 0.880435 0.885813 0.000000 0.000000 0.000000 0.000000 0.000000 0.000000 0.000000 0.000000 0.000000 0.000000 0.000000 0.000000 0.000000 0.000000 0.000000 0.011976 0.011976 0.011976 0.011976 0.011976 0.000000 0.000000 0.000000 0.000000 0.000000 0.008902 0.017804 0.008902 0.017804 0.008902 0.000000 0.000000 0.000000 0.000000 0.000000 0.024242 0.024242 0.883636 0.877256 0.879859 0.891386 0.879433 0.890152 0.879433
9feu_D:D 0.894942 0.875000 0.905594 0.906250 0.890208 0.890208 0.858696 0.858696 0.868571 0.875740 0.868571 0.875740 0.858696 0.858696 0.882759 0.882759 0.881944 0.881944 0.881944 0.895833 0.871345 0.864706 0.901345 0.880435 0.856287 0.873239 0.897260 0.895470 0.896907 0.895105 0.003003 0.003003 0.003003 0.003003 0.003003 0.002994 0.887273 0.023881 0.009091 0.009091 0.009091 0.009091 0.009091 0.009174 0.009174 0.009174 0.009174 0.009174 0.009174 0.009174 0.594595 0.024169 0.024169 0.024169 0.009174 0.009174 0.009174 0.009174 0.009174 0.009174 0.009174 0.885057 0.884058 0.893175 0.874074 0.881295 0.002994 0.884273 0.902077 0.886029 0.889286 0.869403 0.885417 0.880435 0.885813 0.000000 0.000000 0.000000 0.000000 0.000000 0.000000 0.000000 0.000000 0.000000 0.000000 0.000000 0.000000 0.000000 0.000000 0.000000 0.011976 0.011976 0.011976 0.011976 0.011976 0.000000 0.000000 0.000000 0.000000 0.000000 0.008902 0.017804 0.008902 0.017804 0.008902 0.000000 0.000000 0.000000 0.000000 0.000000 0.024242 0.024242 0.883636 0.877256 0.879859 0.891386 0.879433 0.890152 0.879433
9feu_E:E 0.894942 0.875000 0.905594 0.906250 0.890208 0.890208 0.858696 0.858696 0.868571 0.875740 0.868571 0.875740 0.858696 0.858696 0.882759 0.882759 0.881944 0.881944 0.881944 0.895833 0.871345 0.864706 0.901345 0.880435 0.856287 0.873239 0.897260 0.895470 0.896907 0.895105 0.003003 0.003003 0.003003 0.003003 0.003003 0.002994 0.887273 0.023881 0.009091 0.009091 0.009091 0.009091 0.009091 0.009174 0.009174 0.009174 0.009174 0.009174 0.009174 0.009174 0.594595 0.024169 0.024169 0.024169 0.009174 0.009174 0.009174 0.009174 0.009174 0.009174 0.009174 0.885057 0.884058 0.893175 0.874074 0.881295 0.002994 0.884273 0.902077 0.886029 0.889286 0.869403 0.885417 0.880435 0.885813 0.000000 0.000000 0.000000 0.000000 0.000000 0.000000 0.000000 0.000000 0.000000 0.000000 0.000000 0.000000 0.000000 0.000000 0.000000 0.011976 0.011976 0.011976 0.011976 0.011976 0.000000 0.000000 0.000000 0.000000 0.000000 0.008902 0.017804 0.008902 0.017804 0.008902 0.000000 0.000000 0.000000 0.000000 0.000000 0.024242 0.024242 0.883636 0.877256 0.879859 0.891386 0.879433 0.890152 0.879433
9fex_A:A 0.891051 0.875000 0.888112 0.902778 0.886228 0.886228 0.858696 0.858696 0.874286 0.869822 0.874286 0.869822 0.858696 0.858696 0.882759 0.882759 0.881944 0.881944 0.881944 0.895833 0.871345 0.870588 0.901345 0.896739 0.856287 0.873239 0.897260 0.895470 0.896907 0.895105 0.003003 0.003003 0.003003 0.003003 0.003003 0.002994 0.887273 0.020958 0.009091 0.009091 0.009091 0.009091 0.009091 0.009174 0.009174 0.009174 0.009174 0.009174 0.009174 0.009174 0.594595 0.024169 0.024169 0.024169 0.009174 0.009174 0.009174 0.009174 0.009174 0.009174 0.009174 0.885057 0.884058 0.892216 0.874074 0.881295 0.002994 0.883234 0.901198 0.886029 0.889286 0.869403 0.885417 0.880435 0.885813 0.000000 0.000000 0.000000 0.000000 0.000000 0.000000 0.000000 0.000000 0.000000 0.000000 0.000000 0.000000 0.000000 0.000000 0.000000 0.011976 0.011976 0.011976 0.011976 0.011976 0.000000 0.000000 0.000000 0.000000 0.000000 0.008982 0.017964 0.008982 0.017964 0.008982 0.000000 0.000000 0.000000 0.000000 0.000000 0.024242 0.024242 0.883636 0.877256 0.879859 0.891386 0.879433 0.890152 0.879433
9fex_B:B 0.891051 0.875000 0.888112 0.902778 0.886228 0.886228 0.858696 0.858696 0.874286 0.869822 0.874286 0.869822 0.858696 0.858696 0.882759 0.882759 0.881944 0.881944 0.881944 0.895833 0.871345 0.870588 0.901345 0.896739 0.856287 0.873239 0.897260 0.895470 0.896907 0.895105 0.003003 0.003003 0.003003 0.003003 0.003003 0.002994 0.887273 0.020958 0.009091 0.009091 0.009091 0.009091 0.009091 0.009174 0.009174 0.009174 0.009174 0.009174 0.009174 0.009174 0.594595 0.024169 0.024169 0.024169 0.009174 0.009174 0.009174 0.009174 0.009174 0.009174 0.009174 0.885057 0.884058 0.892216 0.874074 0.881295 0.002994 0.883234 0.901198 0.886029 0.889286 0.869403 0.885417 0.880435 0.885813 0.000000 0.000000 0.000000 0.000000 0.000000 0.000000 0.000000 0.000000 0.000000 0.000000 0.000000 0.000000 0.000000 0.000000 0.000000 0.011976 0.011976 0.011976 0.011976 0.011976 0.000000 0.000000 0.000000 0.000000 0.000000 0.008982 0.017964 0.008982 0.017964 0.008982 0.000000 0.000000 0.000000 0.000000 0.000000 0.024242 0.024242 0.883636 0.877256 0.879859 0.891386 0.879433 0.890152 0.879433
9fex_C:C 0.891051 0.875000 0.888112 0.902778 0.886228 0.886228 0.858696 0.858696 0.874286 0.869822 0.874286 0.869822 0.858696 0.858696 0.882759 0.882759 0.881944 0.881944 0.881944 0.895833 0.871345 0.870588 0.901345 0.896739 0.856287 0.873239 0.897260 0.895470 0.896907 0.895105 0.003003 0.003003 0.003003 0.003003 0.003003 0.002994 0.887273 0.020958 0.009091 0.009091 0.009091 0.009091 0.009091 0.009174 0.009174 0.009174 0.009174 0.009174 0.009174 0.009174 0.594595 0.024169 0.024169 0.024169 0.009174 0.009174 0.009174 0.009174 0.009174 0.009174 0.009174 0.885057 0.884058 0.892216 0.874074 0.881295 0.002994 0.883234 0.901198 0.886029 0.889286 0.869403 0.885417 0.880435 0.885813 0.000000 0.000000 0.000000 0.000000 0.000000 0.000000 0.000000 0.000000 0.000000 0.000000 0.000000 0.000000 0.000000 0.000000 0.000000 0.011976 0.011976 0.011976 0.011976 0.011976 0.000000 0.000000 0.000000 0.000000 0.000000 0.008982 0.017964 0.008982 0.017964 0.008982 0.000000 0.000000 0.000000 0.000000 0.000000 0.024242 0.024242 0.883636 0.877256 0.879859 0.891386 0.879433 0.890152 0.879433
9fex_D:D 0.891051 0.875000 0.888112 0.902778 0.886228 0.886228 0.858696 0.858696 0.874286 0.869822 0.874286 0.869822 0.858696 0.858696 0.882759 0.882759 0.881944 0.881944 0.881944 0.895833 0.871345 0.870588 0.901345 0.896739 0.856287 0.873239 0.897260 0.895470 0.896907 0.895105 0.003003 0.003003 0.003003 0.003003 0.003003 0.002994 0.887273 0.020958 0.009091 0.009091 0.009091 0.009091 0.009091 0.009174 0.009174 0.009174 0.009174 0.009174 0.009174 0.009174 0.594595 0.024169 0.024169 0.024169 0.009174 0.009174 0.009174 0.009174 0.009174 0.009174 0.009174 0.885057 0.884058 0.892216 0.874074 0.881295 0.002994 0.883234 0.901198 0.886029 0.889286 0.869403 0.885417 0.880435 0.885813 0.000000 0.000000 0.000000 0.000000 0.000000 0.000000 0.000000 0.000000 0.000000 0.000000 0.000000 0.000000 0.000000 0.000000 0.000000 0.011976 0.011976 0.011976 0.011976 0.011976 0.000000 0.000000 0.000000 0.000000 0.000000 0.008982 0.017964 0.008982 0.017964 0.008982 0.000000 0.000000 0.000000 0.000000 0.000000 0.024242 0.024242 0.883636 0.877256 0.879859 0.891386 0.879433 0.890152 0.879433
9fex_E:E 0.891051 0.875000 0.888112 0.902778 0.886228 0.886228 0.858696 0.858696 0.874286 0.869822 0.874286 0.869822 0.858696 0.858696 0.882759 0.882759 0.881944 0.881944 0.881944 0.895833 0.871345 0.870588 0.901345 0.896739 0.856287 0.873239 0.897260 0.895470 0.896907 0.895105 0.003003 0.003003 0.003003 0.003003 0.003003 0.002994 0.887273 0.020958 0.009091 0.009091 0.009091 0.009091 0.009091 0.009174 0.009174 0.009174 0.009174 0.009174 0.009174 0.009174 0.594595 0.024169 0.024169 0.024169 0.009174 0.009174 0.009174 0.009174 0.009174 0.009174 0.009174 0.885057 0.884058 0.892216 0.874074 0.881295 0.002994 0.883234 0.901198 0.886029 0.889286 0.869403 0.885417 0.880435 0.885813 0.000000 0.000000 0.000000 0.000000 0.000000 0.000000 0.000000 0.000000 0.000000 0.000000 0.000000 0.000000 0.000000 0.000000 0.000000 0.011976 0.011976 0.011976 0.011976 0.011976 0.000000 0.000000 0.000000 0.000000 0.000000 0.008982 0.017964 0.008982 0.017964 0.008982 0.000000 0.000000 0.000000 0.000000 0.000000 0.024242 0.024242 0.883636 0.877256 0.879859 0.891386 0.879433 0.890152 0.879433
9fey_A:A 0.891051 0.875000 0.888112 0.902778 0.886228 0.886228 0.858696 0.858696 0.874286 0.869822 0.874286 0.869822 0.858696 0.858696 0.882759 0.882759 0.881944 0.881944 0.881944 0.895833 0.871345 0.870588 0.901345 0.896739 0.856287 0.873239 0.897260 0.895470 0.896907 0.895105 0.003003 0.003003 0.003003 0.003003 0.003003 0.002994 0.887273 0.020958 0.009091 0.009091 0.009091 0.009091 0.009091 0.009174 0.009174 0.009174 0.009174 0.009174 0.009174 0.009174 0.594595 0.024169 0.024169 0.024169 0.009174 0.009174 0.009174 0.009174 0.009174 0.009174 0.009174 0.885057 0.884058 0.892216 0.874074 0.881295 0.002994 0.883234 0.901198 0.886029 0.889286 0.869403 0.885417 0.880435 0.885813 0.000000 0.000000 0.000000 0.000000 0.000000 0.000000 0.000000 0.000000 0.000000 0.000000 0.000000 0.000000 0.000000 0.000000 0.000000 0.011976 0.011976 0.011976 0.011976 0.011976 0.000000 0.000000 0.000000 0.000000 0.000000 0.008982 0.017964 0.008982 0.017964 0.008982 0.000000 0.000000 0.000000 0.000000 0.000000 0.024242 0.024242 0.883636 0.877256 0.879859 0.891386 0.879433 0.890152 0.879433
9fey_B:B 0.891051 0.875000 0.888112 0.902778 0.886228 0.886228 0.858696 0.858696 0.874286 0.869822 0.874286 0.869822 0.858696 0.858696 0.882759 0.882759 0.881944 0.881944 0.881944 0.895833 0.871345 0.870588 0.901345 0.896739 0.856287 0.873239 0.897260 0.895470 0.896907 0.895105 0.003003 0.003003 0.003003 0.003003 0.003003 0.002994 0.887273 0.020958 0.009091 0.009091 0.009091 0.009091 0.009091 0.009174 0.009174 0.009174 0.009174 0.009174 0.009174 0.009174 0.594595 0.024169 0.024169 0.024169 0.009174 0.009174 0.009174 0.009174 0.009174 0.009174 0.009174 0.885057 0.884058 0.892216 0.874074 0.881295 0.002994 0.883234 0.901198 0.886029 0.889286 0.869403 0.885417 0.880435 0.885813 0.000000 0.000000 0.000000 0.000000 0.000000 0.000000 0.000000 0.000000 0.000000 0.000000 0.000000 0.000000 0.000000 0.000000 0.000000 0.011976 0.011976 0.011976 0.011976 0.011976 0.000000 0.000000 0.000000 0.000000 0.000000 0.008982 0.017964 0.008982 0.017964 0.008982 0.000000 0.000000 0.000000 0.000000 0.000000 0.024242 0.024242 0.883636 0.877256 0.879859 0.891386 0.879433 0.890152 0.879433
9fey_C:C 0.891051 0.875000 0.888112 0.902778 0.886228 0.886228 0.858696 0.858696 0.874286 0.869822 0.874286 0.869822 0.858696 0.858696 0.882759 0.882759 0.881944 0.881944 0.881944 0.895833 0.871345 0.870588 0.901345 0.896739 0.856287 0.873239 0.897260 0.895470 0.896907 0.895105 0.003003 0.003003 0.003003 0.003003 0.003003 0.002994 0.887273 0.020958 0.009091 0.009091 0.009091 0.009091 0.009091 0.009174 0.009174 0.009174 0.009174 0.009174 0.009174 0.009174 0.594595 0.024169 0.024169 0.024169 0.009174 0.009174 0.009174 0.009174 0.009174 0.009174 0.009174 0.885057 0.884058 0.892216 0.874074 0.881295 0.002994 0.883234 0.901198 0.886029 0.889286 0.869403 0.885417 0.880435 0.885813 0.000000 0.000000 0.000000 0.000000 0.000000 0.000000 0.000000 0.000000 0.000000 0.000000 0.000000 0.000000 0.000000 0.000000 0.000000 0.011976 0.011976 0.011976 0.011976 0.011976 0.000000 0.000000 0.000000 0.000000 0.000000 0.008982 0.017964 0.008982 0.017964 0.008982 0.000000 0.000000 0.000000 0.000000 0.000000 0.024242 0.024242 0.883636 0.877256 0.879859 0.891386 0.879433 0.890152 0.879433
9fey_D:D 0.891051 0.875000 0.888112 0.902778 0.886228 0.886228 0.858696 0.858696 0.874286 0.869822 0.874286 0.869822 0.858696 0.858696 0.882759 0.882759 0.881944 0.881944 0.881944 0.895833 0.871345 0.870588 0.901345 0.896739 0.856287 0.873239 0.897260 0.895470 0.896907 0.895105 0.003003 0.003003 0.003003 0.003003 0.003003 0.002994 0.887273 0.020958 0.009091 0.009091 0.009091 0.009091 0.009091 0.009174 0.009174 0.009174 0.009174 0.009174 0.009174 0.009174 0.594595 0.024169 0.024169 0.024169 0.009174 0.009174 0.009174 0.009174 0.009174 0.009174 0.009174 0.885057 0.884058 0.892216 0.874074 0.881295 0.002994 0.883234 0.901198 0.886029 0.889286 0.869403 0.885417 0.880435 0.885813 0.000000 0.000000 0.000000 0.000000 0.000000 0.000000 0.000000 0.000000 0.000000 0.000000 0.000000 0.000000 0.000000 0.000000 0.000000 0.011976 0.011976 0.011976 0.011976 0.011976 0.000000 0.000000 0.000000 0.000000 0.000000 0.008982 0.017964 0.008982 0.017964 0.008982 0.000000 0.000000 0.000000 0.000000 0.000000 0.024242 0.024242 0.883636 0.877256 0.879859 0.891386 0.879433 0.890152 0.879433
9fey_E:E 0.891051 0.875000 0.888112 0.902778 0.886228 0.886228 0.858696 0.858696 0.874286 0.869822 0.874286 0.869822 0.858696 0.858696 0.882759 0.882759 0.881944 0.881944 0.881944 0.895833 0.871345 0.870588 0.901345 0.896739 0.856287 0.873239 0.897260 0.895470 0.896907 0.895105 0.003003 0.003003 0.003003 0.003003 0.003003 0.002994 0.887273 0.020958 0.009091 0.009091 0.009091 0.009091 0.009091 0.009174 0.009174 0.009174 0.009174 0.009174 0.009174 0.009174 0.594595 0.024169 0.024169 0.024169 0.009174 0.009174 0.009174 0.009174 0.009174 0.009174 0.009174 0.885057 0.884058 0.892216 0.874074 0.881295 0.002994 0.883234 0.901198 0.886029 0.889286 0.869403 0.885417 0.880435 0.885813 0.000000 0.000000 0.000000 0.000000 0.000000 0.000000 0.000000 0.000000 0.000000 0.000000 0.000000 0.000000 0.000000 0.000000 0.000000 0.011976 0.011976 0.011976 0.011976 0.011976 0.000000 0.000000 0.000000 0.000000 0.000000 0.008982 0.017964 0.008982 0.017964 0.008982 0.000000 0.000000 0.000000 0.000000 0.000000 0.024242 0.024242 0.883636 0.877256 0.879859 0.891386 0.879433 0.890152 0.879433
9fez_A:A 0.891051 0.875000 0.905594 0.902778 0.892216 0.892216 0.864130 0.864130 0.874286 0.869822 0.874286 0.869822 0.864130 0.864130 0.868966 0.868966 0.895833 0.895833 0.895833 0.895833 0.871345 0.870588 0.905830 0.880435 0.850299 0.873239 0.893836 0.891986 0.893471 0.891608 0.012012 0.012012 0.012012 0.012012 0.012012 0.014970 0.887273 0.029940 0.018182 0.018182 0.018182 0.018182 0.018182 0.021407 0.021407 0.021407 0.021407 0.021407 0.021407 0.021407 0.603604 0.033233 0.033233 0.033233 0.021407 0.021407 0.021407 0.021407 0.021407 0.021407 0.021407 0.885057 0.884058 0.895210 0.874074 0.881295 0.014970 0.892216 0.892216 0.889706 0.892857 0.876866 0.878472 0.884058 0.878893 0.011976 0.011976 0.011976 0.011976 0.011976 0.011976 0.011976 0.011976 0.011976 0.011976 0.011976 0.011976 0.011976 0.011976 0.011976 0.000000 0.000000 0.000000 0.000000 0.000000 0.011976 0.011976 0.011976 0.011976 0.011976 0.020958 0.008982 0.020958 0.008982 0.020958 0.011976 0.011976 0.011976 0.011976 0.011976 0.033333 0.033333 0.883636 0.877256 0.872792 0.891386 0.879433 0.878788 0.879433
9fez_B:B 0.891051 0.875000 0.905594 0.902778 0.892216 0.892216 0.864130 0.864130 0.874286 0.869822 0.874286 0.869822 0.864130 0.864130 0.868966 0.868966 0.895833 0.895833 0.895833 0.895833 0.871345 0.870588 0.905830 0.880435 0.850299 0.873239 0.893836 0.891986 0.893471 0.891608 0.012012 0.012012 0.012012 0.012012 0.012012 0.014970 0.887273 0.029940 0.018182 0.018182 0.018182 0.018182 0.018182 0.021407 0.021407 0.021407 0.021407 0.021407 0.021407 0.021407 0.603604 0.033233 0.033233 0.033233 0.021407 0.021407 0.021407 0.021407 0.021407 0.021407 0.021407 0.885057 0.884058 0.895210 0.874074 0.881295 0.014970 0.892216 0.892216 0.889706 0.892857 0.876866 0.878472 0.884058 0.878893 0.011976 0.011976 0.011976 0.011976 0.011976 0.011976 0.011976 0.011976 0.011976 0.011976 0.011976 0.011976 0.011976 0.011976 0.011976 0.000000 0.000000 0.000000 0.000000 0.000000 0.011976 0.011976 0.011976 0.011976 0.011976 0.020958 0.008982 0.020958 0.008982 0.020958 0.011976 0.011976 0.011976 0.011976 0.011976 0.033333 0.033333 0.883636 0.877256 0.872792 0.891386 0.879433 0.878788 0.879433
9fez_C:C 0.891051 0.875000 0.905594 0.902778 0.892216 0.892216 0.864130 0.864130 0.874286 0.869822 0.874286 0.869822 0.864130 0.864130 0.868966 0.868966 0.895833 0.895833 0.895833 0.895833 0.871345 0.870588 0.905830 0.880435 0.850299 0.873239 0.893836 0.891986 0.893471 0.891608 0.012012 0.012012 0.012012 0.012012 0.012012 0.014970 0.887273 0.029940 0.018182 0.018182 0.018182 0.018182 0.018182 0.021407 0.021407 0.021407 0.021407 0.021407 0.021407 0.021407 0.603604 0.033233 0.033233 0.033233 0.021407 0.021407 0.021407 0.021407 0.021407 0.021407 0.021407 0.885057 0.884058 0.895210 0.874074 0.881295 0.014970 0.892216 0.892216 0.889706 0.892857 0.876866 0.878472 0.884058 0.878893 0.011976 0.011976 0.011976 0.011976 0.011976 0.011976 0.011976 0.011976 0.011976 0.011976 0.011976 0.011976 0.011976 0.011976 0.011976 0.000000 0.000000 0.000000 0.000000 0.000000 0.011976 0.011976 0.011976 0.011976 0.011976 0.020958 0.008982 0.020958 0.008982 0.020958 0.011976 0.011976 0.011976 0.011976 0.011976 0.033333 0.033333 0.883636 0.877256 0.872792 0.891386 0.879433 0.878788 0.879433
9fez_D:D 0.891051 0.875000 0.905594 0.902778 0.892216 0.892216 0.864130 0.864130 0.874286 0.869822 0.874286 0.869822 0.864130 0.864130 0.868966 0.868966 0.895833 0.895833 0.895833 0.895833 0.871345 0.870588 0.905830 0.880435 0.850299 0.873239 0.893836 0.891986 0.893471 0.891608 0.012012 0.012012 0.012012 0.012012 0.012012 0.014970 0.887273 0.029940 0.018182 0.018182 0.018182 0.018182 0.018182 0.021407 0.021407 0.021407 0.021407 0.021407 0.021407 0.021407 0.603604 0.033233 0.033233 0.033233 0.021407 0.021407 0.021407 0.021407 0.021407 0.021407 0.021407 0.885057 0.884058 0.895210 0.874074 0.881295 0.014970 0.892216 0.892216 0.889706 0.892857 0.876866 0.878472 0.884058 0.878893 0.011976 0.011976 0.011976 0.011976 0.011976 0.011976 0.011976 0.011976 0.011976 0.011976 0.011976 0.011976 0.011976 0.011976 0.011976 0.000000 0.000000 0.000000 0.000000 0.000000 0.011976 0.011976 0.011976 0.011976 0.011976 0.020958 0.008982 0.020958 0.008982 0.020958 0.011976 0.011976 0.011976 0.011976 0.011976 0.033333 0.033333 0.883636 0.877256 0.872792 0.891386 0.879433 0.878788 0.879433
9fez_E:E 0.891051 0.875000 0.905594 0.902778 0.892216 0.892216 0.864130 0.864130 0.874286 0.869822 0.874286 0.869822 0.864130 0.864130 0.868966 0.868966 0.895833 0.895833 0.895833 0.895833 0.871345 0.870588 0.905830 0.880435 0.850299 0.873239 0.893836 0.891986 0.893471 0.891608 0.012012 0.012012 0.012012 0.012012 0.012012 0.014970 0.887273 0.029940 0.018182 0.018182 0.018182 0.018182 0.018182 0.021407 0.021407 0.021407 0.021407 0.021407 0.021407 0.021407 0.603604 0.033233 0.033233 0.033233 0.021407 0.021407 0.021407 0.021407 0.021407 0.021407 0.021407 0.885057 0.884058 0.895210 0.874074 0.881295 0.014970 0.892216 0.892216 0.889706 0.892857 0.876866 0.878472 0.884058 0.878893 0.011976 0.011976 0.011976 0.011976 0.011976 0.011976 0.011976 0.011976 0.011976 0.011976 0.011976 0.011976 0.011976 0.011976 0.011976 0.000000 0.000000 0.000000 0.000000 0.000000 0.011976 0.011976 0.011976 0.011976 0.011976 0.020958 0.008982 0.020958 0.008982 0.020958 0.011976 0.011976 0.011976 0.011976 0.011976 0.033333 0.033333 0.883636 0.877256 0.872792 0.891386 0.879433 0.878788 0.879433
9ff0_A:A 0.894942 0.875000 0.905594 0.906250 0.890208 0.890208 0.858696 0.858696 0.868571 0.875740 0.868571 0.875740 0.858696 0.858696 0.882759 0.882759 0.881944 0.881944 0.881944 0.895833 0.871345 0.864706 0.901345 0.880435 0.856287 0.873239 0.897260 0.895470 0.896907 0.895105 0.003003 0.003003 0.003003 0.003003 0.003003 0.002994 0.887273 0.023881 0.009091 0.009091 0.009091 0.009091 0.009091 0.009174 0.009174 0.009174 0.009174 0.009174 0.009174 0.009174 0.594595 0.024169 0.024169 0.024169 0.009174 0.009174 0.009174 0.009174 0.009174 0.009174 0.009174 0.885057 0.884058 0.893175 0.874074 0.881295 0.002994 0.884273 0.902077 0.886029 0.889286 0.869403 0.885417 0.880435 0.885813 0.000000 0.000000 0.000000 0.000000 0.000000 0.000000 0.000000 0.000000 0.000000 0.000000 0.000000 0.000000 0.000000 0.000000 0.000000 0.011976 0.011976 0.011976 0.011976 0.011976 0.000000 0.000000 0.000000 0.000000 0.000000 0.008902 0.017804 0.008902 0.017804 0.008902 0.000000 0.000000 0.000000 0.000000 0.000000 0.024242 0.024242 0.883636 0.877256 0.879859 0.891386 0.879433 0.890152 0.879433
9ff0_B:B 0.894942 0.875000 0.905594 0.906250 0.890208 0.890208 0.858696 0.858696 0.868571 0.875740 0.868571 0.875740 0.858696 0.858696 0.882759 0.882759 0.881944 0.881944 0.881944 0.895833 0.871345 0.864706 0.901345 0.880435 0.856287 0.873239 0.897260 0.895470 0.896907 0.895105 0.003003 0.003003 0.003003 0.003003 0.003003 0.002994 0.887273 0.023881 0.009091 0.009091 0.009091 0.009091 0.009091 0.009174 0.009174 0.009174 0.009174 0.009174 0.009174 0.009174 0.594595 0.024169 0.024169 0.024169 0.009174 0.009174 0.009174 0.009174 0.009174 0.009174 0.009174 0.885057 0.884058 0.893175 0.874074 0.881295 0.002994 0.884273 0.902077 0.886029 0.889286 0.869403 0.885417 0.880435 0.885813 0.000000 0.000000 0.000000 0.000000 0.000000 0.000000 0.000000 0.000000 0.000000 0.000000 0.000000 0.000000 0.000000 0.000000 0.000000 0.011976 0.011976 0.011976 0.011976 0.011976 0.000000 0.000000 0.000000 0.000000 0.000000 0.008902 0.017804 0.008902 0.017804 0.008902 0.000000 0.000000 0.000000 0.000000 0.000000 0.024242 0.024242 0.883636 0.877256 0.879859 0.891386 0.879433 0.890152 0.879433
9ff0_C:C 0.891051 0.875000 0.895105 0.902778 0.890533 0.890533 0.858696 0.858696 0.868571 0.863905 0.868571 0.863905 0.858696 0.858696 0.882759 0.882759 0.881944 0.881944 0.881944 0.875000 0.871345 0.864706 0.901345 0.891304 0.856287 0.873239 0.897260 0.895470 0.896907 0.895105 0.003003 0.003003 0.003003 0.003003 0.003003 0.002994 0.883636 0.023881 0.009091 0.009091 0.009091 0.009091 0.009091 0.009174 0.009174 0.009174 0.009174 0.009174 0.009174 0.009174 0.594595 0.024169 0.024169 0.024169 0.009174 0.009174 0.009174 0.009174 0.009174 0.009174 0.009174 0.885057 0.884058 0.893491 0.874074 0.877698 0.002994 0.884615 0.902367 0.893382 0.889286 0.865672 0.885417 0.880435 0.889273 0.000000 0.000000 0.000000 0.000000 0.000000 0.000000 0.000000 0.000000 0.000000 0.000000 0.000000 0.000000 0.000000 0.000000 0.000000 0.011976 0.011976 0.011976 0.011976 0.011976 0.000000 0.000000 0.000000 0.000000 0.000000 0.011834 0.020710 0.011834 0.020710 0.011834 0.000000 0.000000 0.000000 0.000000 0.000000 0.024242 0.024242 0.872727 0.877256 0.879859 0.876404 0.879433 0.886364 0.879433
9ff0_D:D 0.894942 0.875000 0.905594 0.906250 0.890208 0.890208 0.858696 0.858696 0.868571 0.875740 0.868571 0.875740 0.858696 0.858696 0.882759 0.882759 0.881944 0.881944 0.881944 0.895833 0.871345 0.864706 0.901345 0.880435 0.856287 0.873239 0.897260 0.895470 0.896907 0.895105 0.003003 0.003003 0.003003 0.003003 0.003003 0.002994 0.887273 0.023881 0.009091 0.009091 0.009091 0.009091 0.009091 0.009174 0.009174 0.009174 0.009174 0.009174 0.009174 0.009174 0.594595 0.024169 0.024169 0.024169 0.009174 0.009174 0.009174 0.009174 0.009174 0.009174 0.009174 0.885057 0.884058 0.893175 0.874074 0.881295 0.002994 0.884273 0.902077 0.886029 0.889286 0.869403 0.885417 0.880435 0.885813 0.000000 0.000000 0.000000 0.000000 0.000000 0.000000 0.000000 0.000000 0.000000 0.000000 0.000000 0.000000 0.000000 0.000000 0.000000 0.011976 0.011976 0.011976 0.011976 0.011976 0.000000 0.000000 0.000000 0.000000 0.000000 0.008902 0.017804 0.008902 0.017804 0.008902 0.000000 0.000000 0.000000 0.000000 0.000000 0.024242 0.024242 0.883636 0.877256 0.879859 0.891386 0.879433 0.890152 0.879433
9ff0_E:E 0.894942 0.875000 0.905594 0.906250 0.890208 0.890208 0.858696 0.858696 0.868571 0.875740 0.868571 0.875740 0.858696 0.858696 0.882759 0.882759 0.881944 0.881944 0.881944 0.895833 0.871345 0.864706 0.901345 0.880435 0.856287 0.873239 0.897260 0.895470 0.896907 0.895105 0.003003 0.003003 0.003003 0.003003 0.003003 0.002994 0.887273 0.023881 0.009091 0.009091 0.009091 0.009091 0.009091 0.009174 0.009174 0.009174 0.009174 0.009174 0.009174 0.009174 0.594595 0.024169 0.024169 0.024169 0.009174 0.009174 0.009174 0.009174 0.009174 0.009174 0.009174 0.885057 0.884058 0.893175 0.874074 0.881295 0.002994 0.884273 0.902077 0.886029 0.889286 0.869403 0.885417 0.880435 0.885813 0.000000 0.000000 0.000000 0.000000 0.000000 0.000000 0.000000 0.000000 0.000000 0.000000 0.000000 0.000000 0.000000 0.000000 0.000000 0.011976 0.011976 0.011976 0.011976 0.011976 0.000000 0.000000 0.000000 0.000000 0.000000 0.008902 0.017804 0.008902 0.017804 0.008902 0.000000 0.000000 0.000000 0.000000 0.000000 0.024242 0.024242 0.883636 0.877256 0.879859 0.891386 0.879433 0.890152 0.879433
9ff1_A:A 0.894942 0.880435 0.905594 0.892361 0.890533 0.890533 0.864130 0.864130 0.862857 0.857988 0.862857 0.857988 0.864130 0.864130 0.875862 0.875862 0.881944 0.881944 0.881944 0.888889 0.859649 0.858824 0.901345 0.891304 0.844311 0.868545 0.893836 0.891986 0.893471 0.891608 0.012012 0.012012 0.012012 0.012012 0.012012 0.011976 0.887273 0.032836 0.018182 0.018182 0.018182 0.018182 0.018182 0.018349 0.018349 0.018349 0.018349 0.018349 0.018349 0.018349 0.603604 0.033233 0.033233 0.033233 0.018349 0.018349 0.018349 0.018349 0.018349 0.018349 0.018349 0.885057 0.884058 0.890533 0.874074 0.881295 0.011976 0.887574 0.890533 0.886029 0.889286 0.869403 0.881944 0.884058 0.882353 0.008902 0.008902 0.008902 0.008902 0.008902 0.008982 0.008982 0.008982 0.008982 0.008982 0.008982 0.008982 0.008982 0.008982 0.008982 0.020958 0.020958 0.020958 0.020958 0.020958 0.008902 0.008902 0.011834 0.008902 0.008902 0.000000 0.008876 0.000000 0.008876 0.000000 0.008902 0.008902 0.008902 0.008902 0.008902 0.033333 0.033333 0.883636 0.877256 0.872792 0.891386 0.879433 0.890152 0.879433
9ff1_B:B 0.894942 0.880435 0.902098 0.902778 0.911504 0.911504 0.869565 0.869565 0.868571 0.863905 0.868571 0.863905 0.869565 0.869565 0.868966 0.868966 0.895833 0.895833 0.895833 0.895833 0.865497 0.864706 0.901345 0.880435 0.844311 0.877934 0.897260 0.891986 0.896907 0.891608 0.021021 0.021021 0.021021 0.021021 0.021021 0.020958 0.887273 0.041791 0.027273 0.027273 0.027273 0.027273 0.027273 0.027523 0.027523 0.027523 0.027523 0.027523 0.027523 0.027523 0.612613 0.042296 0.042296 0.042296 0.027523 0.027523 0.027523 0.027523 0.027523 0.027523 0.027523 0.885057 0.884058 0.887906 0.874074 0.881295 0.020958 0.887906 0.890855 0.889706 0.892857 0.884328 0.881944 0.884058 0.885813 0.017804 0.017804 0.017804 0.017804 0.017804 0.017964 0.017964 0.017964 0.017964 0.017964 0.017964 0.017964 0.017964 0.017964 0.017964 0.008982 0.008982 0.008982 0.008982 0.008982 0.017804 0.017804 0.020710 0.017804 0.017804 0.008876 0.000000 0.008876 0.000000 0.008876 0.017804 0.017804 0.017804 0.017804 0.017804 0.042424 0.042424 0.883636 0.877256 0.876325 0.891386 0.879433 0.890152 0.879433
9ff1_C:C 0.894942 0.880435 0.905594 0.892361 0.890533 0.890533 0.864130 0.864130 0.862857 0.857988 0.862857 0.857988 0.864130 0.864130 0.875862 0.875862 0.881944 0.881944 0.881944 0.888889 0.859649 0.858824 0.901345 0.891304 0.844311 0.868545 0.893836 0.891986 0.893471 0.891608 0.012012 0.012012 0.012012 0.012012 0.012012 0.011976 0.887273 0.032836 0.018182 0.018182 0.018182 0.018182 0.018182 0.018349 0.018349 0.018349 0.018349 0.018349 0.018349 0.018349 0.603604 0.033233 0.033233 0.033233 0.018349 0.018349 0.018349 0.018349 0.018349 0.018349 0.018349 0.885057 0.884058 0.890533 0.874074 0.881295 0.011976 0.887574 0.890533 0.886029 0.889286 0.869403 0.881944 0.884058 0.882353 0.008902 0.008902 0.008902 0.008902 0.008902 0.008982 0.008982 0.008982 0.008982 0.008982 0.008982 0.008982 0.008982 0.008982 0.008982 0.020958 0.020958 0.020958 0.020958 0.020958 0.008902 0.008902 0.011834 0.008902 0.008902 0.000000 0.008876 0.000000 0.008876 0.000000 0.008902 0.008902 0.008902 0.008902 0.008902 0.033333 0.033333 0.883636 0.877256 0.872792 0.891386 0.879433 0.890152 0.879433
9ff1_D:D 0.894942 0.880435 0.902098 0.902778 0.911504 0.911504 0.869565 0.869565 0.868571 0.863905 0.868571 0.863905 0.869565 0.869565 0.868966 0.868966 0.895833 0.895833 0.895833 0.895833 0.865497 0.864706 0.901345 0.880435 0.844311 0.877934 0.897260 0.891986 0.896907 0.891608 0.021021 0.021021 0.021021 0.021021 0.021021 0.020958 0.887273 0.041791 0.027273 0.027273 0.027273 0.027273 0.027273 0.027523 0.027523 0.027523 0.027523 0.027523 0.027523 0.027523 0.612613 0.042296 0.042296 0.042296 0.027523 0.027523 0.027523 0.027523 0.027523 0.027523 0.027523 0.885057 0.884058 0.887906 0.874074 0.881295 0.020958 0.887906 0.890855 0.889706 0.892857 0.884328 0.881944 0.884058 0.885813 0.017804 0.017804 0.017804 0.017804 0.017804 0.017964 0.017964 0.017964 0.017964 0.017964 0.017964 0.017964 0.017964 0.017964 0.017964 0.008982 0.008982 0.008982 0.008982 0.008982 0.017804 0.017804 0.020710 0.017804 0.017804 0.008876 0.000000 0.008876 0.000000 0.008876 0.017804 0.017804 0.017804 0.017804 0.017804 0.042424 0.042424 0.883636 0.877256 0.876325 0.891386 0.879433 0.890152 0.879433
9ff1_E:E 0.894942 0.880435 0.905594 0.892361 0.890533 0.890533 0.864130 0.864130 0.862857 0.857988 0.862857 0.857988 0.864130 0.864130 0.875862 0.875862 0.881944 0.881944 0.881944 0.888889 0.859649 0.858824 0.901345 0.891304 0.844311 0.868545 0.893836 0.891986 0.893471 0.891608 0.012012 0.012012 0.012012 0.012012 0.012012 0.011976 0.887273 0.032836 0.018182 0.018182 0.018182 0.018182 0.018182 0.018349 0.018349 0.018349 0.018349 0.018349 0.018349 0.018349 0.603604 0.033233 0.033233 0.033233 0.018349 0.018349 0.018349 0.018349 0.018349 0.018349 0.018349 0.885057 0.884058 0.890533 0.874074 0.881295 0.011976 0.887574 0.890533 0.886029 0.889286 0.869403 0.881944 0.884058 0.882353 0.008902 0.008902 0.008902 0.008902 0.008902 0.008982 0.008982 0.008982 0.008982 0.008982 0.008982 0.008982 0.008982 0.008982 0.008982 0.020958 0.020958 0.020958 0.020958 0.020958 0.008902 0.008902 0.011834 0.008902 0.008902 0.000000 0.008876 0.000000 0.008876 0.000000 0.008902 0.008902 0.008902 0.008902 0.008902 0.033333 0.033333 0.883636 0.877256 0.872792 0.891386 0.879433 0.890152 0.879433
9ff2_A:A 0.894942 0.875000 0.905594 0.906250 0.890208 0.890208 0.858696 0.858696 0.868571 0.875740 0.868571 0.875740 0.858696 0.858696 0.882759 0.882759 0.881944 0.881944 0.881944 0.895833 0.871345 0.864706 0.901345 0.880435 0.856287 0.873239 0.897260 0.895470 0.896907 0.895105 0.003003 0.003003 0.003003 0.003003 0.003003 0.002994 0.887273 0.023881 0.009091 0.009091 0.009091 0.009091 0.009091 0.009174 0.009174 0.009174 0.009174 0.009174 0.009174 0.009174 0.594595 0.024169 0.024169 0.024169 0.009174 0.009174 0.009174 0.009174 0.009174 0.009174 0.009174 0.885057 0.884058 0.893175 0.874074 0.881295 0.002994 0.884273 0.902077 0.886029 0.889286 0.869403 0.885417 0.880435 0.885813 0.000000 0.000000 0.000000 0.000000 0.000000 0.000000 0.000000 0.000000 0.000000 0.000000 0.000000 0.000000 0.000000 0.000000 0.000000 0.011976 0.011976 0.011976 0.011976 0.011976 0.000000 0.000000 0.000000 0.000000 0.000000 0.008902 0.017804 0.008902 0.017804 0.008902 0.000000 0.000000 0.000000 0.000000 0.000000 0.024242 0.024242 0.883636 0.877256 0.879859 0.891386 0.879433 0.890152 0.879433
9ff2_B:B 0.894942 0.875000 0.905594 0.906250 0.890208 0.890208 0.858696 0.858696 0.868571 0.875740 0.868571 0.875740 0.858696 0.858696 0.882759 0.882759 0.881944 0.881944 0.881944 0.895833 0.871345 0.864706 0.901345 0.880435 0.856287 0.873239 0.897260 0.895470 0.896907 0.895105 0.003003 0.003003 0.003003 0.003003 0.003003 0.002994 0.887273 0.023881 0.009091 0.009091 0.009091 0.009091 0.009091 0.009174 0.009174 0.009174 0.009174 0.009174 0.009174 0.009174 0.594595 0.024169 0.024169 0.024169 0.009174 0.009174 0.009174 0.009174 0.009174 0.009174 0.009174 0.885057 0.884058 0.893175 0.874074 0.881295 0.002994 0.884273 0.902077 0.886029 0.889286 0.869403 0.885417 0.880435 0.885813 0.000000 0.000000 0.000000 0.000000 0.000000 0.000000 0.000000 0.000000 0.000000 0.000000 0.000000 0.000000 0.000000 0.000000 0.000000 0.011976 0.011976 0.011976 0.011976 0.011976 0.000000 0.000000 0.000000 0.000000 0.000000 0.008902 0.017804 0.008902 0.017804 0.008902 0.000000 0.000000 0.000000 0.000000 0.000000 0.024242 0.024242 0.883636 0.877256 0.879859 0.891386 0.879433 0.890152 0.879433
9ff2_C:C 0.894942 0.875000 0.905594 0.906250 0.890208 0.890208 0.858696 0.858696 0.868571 0.875740 0.868571 0.875740 0.858696 0.858696 0.882759 0.882759 0.881944 0.881944 0.881944 0.895833 0.871345 0.864706 0.901345 0.880435 0.856287 0.873239 0.897260 0.895470 0.896907 0.895105 0.003003 0.003003 0.003003 0.003003 0.003003 0.002994 0.887273 0.023881 0.009091 0.009091 0.009091 0.009091 0.009091 0.009174 0.009174 0.009174 0.009174 0.009174 0.009174 0.009174 0.594595 0.024169 0.024169 0.024169 0.009174 0.009174 0.009174 0.009174 0.009174 0.009174 0.009174 0.885057 0.884058 0.893175 0.874074 0.881295 0.002994 0.884273 0.902077 0.886029 0.889286 0.869403 0.885417 0.880435 0.885813 0.000000 0.000000 0.000000 0.000000 0.000000 0.000000 0.000000 0.000000 0.000000 0.000000 0.000000 0.000000 0.000000 0.000000 0.000000 0.011976 0.011976 0.011976 0.011976 0.011976 0.000000 0.000000 0.000000 0.000000 0.000000 0.008902 0.017804 0.008902 0.017804 0.008902 0.000000 0.000000 0.000000 0.000000 0.000000 0.024242 0.024242 0.883636 0.877256 0.879859 0.891386 0.879433 0.890152 0.879433
9ff2_D:D 0.894942 0.875000 0.905594 0.906250 0.890208 0.890208 0.858696 0.858696 0.868571 0.875740 0.868571 0.875740 0.858696 0.858696 0.882759 0.882759 0.881944 0.881944 0.881944 0.895833 0.871345 0.864706 0.901345 0.880435 0.856287 0.873239 0.897260 0.895470 0.896907 0.895105 0.003003 0.003003 0.003003 0.003003 0.003003 0.002994 0.887273 0.023881 0.009091 0.009091 0.009091 0.009091 0.009091 0.009174 0.009174 0.009174 0.009174 0.009174 0.009174 0.009174 0.594595 0.024169 0.024169 0.024169 0.009174 0.009174 0.009174 0.009174 0.009174 0.009174 0.009174 0.885057 0.884058 0.893175 0.874074 0.881295 0.002994 0.884273 0.902077 0.886029 0.889286 0.869403 0.885417 0.880435 0.885813 0.000000 0.000000 0.000000 0.000000 0.000000 0.000000 0.000000 0.000000 0.000000 0.000000 0.000000 0.000000 0.000000 0.000000 0.000000 0.011976 0.011976 0.011976 0.011976 0.011976 0.000000 0.000000 0.000000 0.000000 0.000000 0.008902 0.017804 0.008902 0.017804 0.008902 0.000000 0.000000 0.000000 0.000000 0.000000 0.024242 0.024242 0.883636 0.877256 0.879859 0.891386 0.879433 0.890152 0.879433
9ff2_E:E 0.894942 0.875000 0.905594 0.906250 0.890208 0.890208 0.858696 0.858696 0.868571 0.875740 0.868571 0.875740 0.858696 0.858696 0.882759 0.882759 0.881944 0.881944 0.881944 0.895833 0.871345 0.864706 0.901345 0.880435 0.856287 0.873239 0.897260 0.895470 0.896907 0.895105 0.003003 0.003003 0.003003 0.003003 0.003003 0.002994 0.887273 0.023881 0.009091 0.009091 0.009091 0.009091 0.009091 0.009174 0.009174 0.009174 0.009174 0.009174 0.009174 0.009174 0.594595 0.024169 0.024169 0.024169 0.009174 0.009174 0.009174 0.009174 0.009174 0.009174 0.009174 0.885057 0.884058 0.893175 0.874074 0.881295 0.002994 0.884273 0.902077 0.886029 0.889286 0.869403 0.885417 0.880435 0.885813 0.000000 0.000000 0.000000 0.000000 0.000000 0.000000 0.000000 0.000000 0.000000 0.000000 0.000000 0.000000 0.000000 0.000000 0.000000 0.011976 0.011976 0.011976 0.011976 0.011976 0.000000 0.000000 0.000000 0.000000 0.000000 0.008902 0.017804 0.008902 0.017804 0.008902 0.000000 0.000000 0.000000 0.000000 0.000000 0.024242 0.024242 0.883636 0.877256 0.879859 0.891386 0.879433 0.890152 0.879433
9fg6_C:C 0.891051 0.875000 0.895105 0.902778 0.887879 0.887879 0.858696 0.858696 0.874286 0.869822 0.874286 0.869822 0.858696 0.858696 0.882759 0.882759 0.881944 0.881944 0.881944 0.888889 0.871345 0.870588 0.896861 0.896739 0.856287 0.873239 0.897260 0.895470 0.896907 0.895105 0.027273 0.027273 0.027273 0.027273 0.027273 0.027273 0.894545 0.024242 0.021212 0.021212 0.021212 0.021212 0.021212 0.015291 0.015291 0.015291 0.015291 0.015291 0.015291 0.015291 0.584848 0.000000 0.000000 0.000000 0.015291 0.015291 0.015291 0.015291 0.015291 0.015291 0.015291 0.877395 0.884058 0.893939 0.874074 0.888489 0.027273 0.875758 0.890909 0.886029 0.885714 0.873134 0.885417 0.880435 0.892734 0.024242 0.024242 0.024242 0.024242 0.024242 0.024242 0.024242 0.024242 0.024242 0.024242 0.024242 0.024242 0.024242 0.024242 0.024242 0.033333 0.033333 0.033333 0.033333 0.033333 0.024242 0.024242 0.024242 0.024242 0.024242 0.033333 0.042424 0.033333 0.042424 0.033333 0.024242 0.024242 0.024242 0.024242 0.024242 0.000000 0.000000 0.887273 0.880866 0.883392 0.891386 0.882979 0.890152 0.882979
9fg6_E:E 0.891051 0.875000 0.895105 0.902778 0.887879 0.887879 0.858696 0.858696 0.874286 0.869822 0.874286 0.869822 0.858696 0.858696 0.882759 0.882759 0.881944 0.881944 0.881944 0.888889 0.871345 0.870588 0.896861 0.896739 0.856287 0.873239 0.897260 0.895470 0.896907 0.895105 0.027273 0.027273 0.027273 0.027273 0.027273 0.027273 0.894545 0.024242 0.021212 0.021212 0.021212 0.021212 0.021212 0.015291 0.015291 0.015291 0.015291 0.015291 0.015291 0.015291 0.584848 0.000000 0.000000 0.000000 0.015291 0.015291 0.015291 0.015291 0.015291 0.015291 0.015291 0.877395 0.884058 0.893939 0.874074 0.888489 0.027273 0.875758 0.890909 0.886029 0.885714 0.873134 0.885417 0.880435 0.892734 0.024242 0.024242 0.024242 0.024242 0.024242 0.024242 0.024242 0.024242 0.024242 0.024242 0.024242 0.024242 0.024242 0.024242 0.024242 0.033333 0.033333 0.033333 0.033333 0.033333 0.024242 0.024242 0.024242 0.024242 0.024242 0.033333 0.042424 0.033333 0.042424 0.033333 0.024242 0.024242 0.024242 0.024242 0.024242 0.000000 0.000000 0.887273 0.880866 0.883392 0.891386 0.882979 0.890152 0.882979
9ixj_R:R 0.898833 0.875000 0.887273 0.887273 0.876364 0.876364 0.875000 0.875000 0.880000 0.881657 0.880000 0.881657 0.875000 0.875000 0.903448 0.903448 0.902778 0.902778 0.902778 0.881944 0.883041 0.882353 0.883408 0.891304 0.868263 0.877934 0.894545 0.894545 0.894545 0.894545 0.876364 0.876364 0.876364 0.876364 0.876364 0.876364 0.694545 0.883636 0.872727 0.872727 0.872727 0.872727 0.872727 0.883636 0.883636 0.883636 0.883636 0.883636 0.883636 0.883636 0.872727 0.887273 0.887273 0.887273 0.883636 0.883636 0.883636 0.883636 0.883636 0.883636 0.883636 0.785441 0.778182 0.858182 0.774074 0.010909 0.876364 0.858182 0.854545 0.698529 0.010909 0.041045 0.752727 0.789091 0.741818 0.883636 0.883636 0.883636 0.883636 0.883636 0.883636 0.883636 0.883636 0.883636 0.883636 0.883636 0.883636 0.883636 0.883636 0.883636 0.883636 0.883636 0.883636 0.883636 0.883636 0.883636 0.883636 0.872727 0.883636 0.883636 0.883636 0.883636 0.883636 0.883636 0.883636 0.883636 0.883636 0.883636 0.883636 0.883636 0.887273 0.887273 0.000000 0.789091 0.749091 0.692884 0.789091 0.689394 0.789091
9jed_R:R 0.894942 0.880435 0.906137 0.906137 0.888087 0.888087 0.885870 0.885870 0.868571 0.869822 0.868571 0.869822 0.885870 0.885870 0.875862 0.875862 0.902778 0.902778 0.902778 0.875000 0.871345 0.876471 0.905830 0.880435 0.880240 0.873239 0.880866 0.888087 0.884477 0.888087 0.877256 0.877256 0.877256 0.877256 0.877256 0.877256 0.756364 0.877256 0.873646 0.873646 0.873646 0.873646 0.873646 0.880866 0.880866 0.880866 0.880866 0.880866 0.880866 0.880866 0.895307 0.880866 0.880866 0.880866 0.880866 0.880866 0.880866 0.880866 0.880866 0.880866 0.880866 0.034483 0.068841 0.877256 0.011111 0.787004 0.877256 0.866426 0.888087 0.753676 0.790614 0.794776 0.552347 0.018116 0.552347 0.877256 0.877256 0.877256 0.877256 0.877256 0.877256 0.877256 0.877256 0.877256 0.877256 0.877256 0.877256 0.877256 0.877256 0.877256 0.877256 0.877256 0.877256 0.877256 0.877256 0.877256 0.877256 0.877256 0.877256 0.877256 0.877256 0.877256 0.877256 0.877256 0.877256 0.877256 0.877256 0.877256 0.877256 0.877256 0.880866 0.880866 0.789091 0.000000 0.555957 0.760300 0.014440 0.757576 0.014440
9jeq_R:R 0.894942 0.891304 0.904594 0.901060 0.883392 0.883392 0.896739 0.896739 0.868571 0.869822 0.868571 0.869822 0.896739 0.896739 0.882759 0.882759 0.888889 0.888889 0.888889 0.895833 0.871345 0.870588 0.892377 0.891304 0.886228 0.882629 0.883392 0.886926 0.883392 0.886926 0.879859 0.879859 0.879859 0.879859 0.879859 0.879859 0.727273 0.879859 0.883392 0.883392 0.883392 0.883392 0.883392 0.883392 0.883392 0.883392 0.883392 0.883392 0.883392 0.883392 0.890459 0.883392 0.883392 0.883392 0.883392 0.883392 0.883392 0.883392 0.883392 0.883392 0.883392 0.540230 0.543478 0.869258 0.548148 0.751799 0.879859 0.869258 0.865724 0.731618 0.757143 0.738806 0.024735 0.554348 0.017668 0.879859 0.879859 0.879859 0.879859 0.879859 0.879859 0.879859 0.879859 0.879859 0.879859 0.879859 0.879859 0.879859 0.879859 0.879859 0.872792 0.872792 0.872792 0.872792 0.872792 0.879859 0.879859 0.879859 0.879859 0.879859 0.872792 0.876325 0.872792 0.876325 0.872792 0.879859 0.879859 0.879859 0.879859 0.879859 0.883392 0.883392 0.749091 0.555957 0.000000 0.730337 0.563830 0.727273 0.563830
9lrb_R:R 0.902724 0.880435 0.891386 0.891386 0.898876 0.898876 0.885870 0.885870 0.885714 0.899408 0.885714 0.899408 0.885870 0.885870 0.882759 0.882759 0.881944 0.881944 0.881944 0.888889 0.894737 0.894118 0.901345 0.869565 0.874251 0.887324 0.902622 0.891386 0.891386 0.891386 0.895131 0.895131 0.895131 0.895131 0.895131 0.895131 0.033708 0.898876 0.891386 0.891386 0.891386 0.891386 0.891386 0.880150 0.880150 0.880150 0.880150 0.880150 0.880150 0.880150 0.872659 0.891386 0.891386 0.891386 0.880150 0.880150 0.880150 0.880150 0.880150 0.880150 0.880150 0.747126 0.756554 0.861423 0.764045 0.689139 0.895131 0.857678 0.861423 0.029963 0.689139 0.677903 0.726592 0.749064 0.726592 0.891386 0.891386 0.891386 0.891386 0.891386 0.891386 0.891386 0.891386 0.891386 0.891386 0.891386 0.891386 0.891386 0.891386 0.891386 0.891386 0.891386 0.891386 0.891386 0.891386 0.891386 0.891386 0.876404 0.891386 0.891386 0.891386 0.891386 0.891386 0.891386 0.891386 0.891386 0.891386 0.891386 0.891386 0.891386 0.891386 0.891386 0.692884 0.760300 0.730337 0.000000 0.756554 0.000000 0.756554
9lrc_R:R 0.891051 0.880435 0.907801 0.907801 0.882979 0.882979 0.891304 0.891304 0.868571 0.869822 0.868571 0.869822 0.891304 0.891304 0.862069 0.862069 0.902778 0.902778 0.902778 0.868056 0.871345 0.870588 0.896861 0.885870 0.868263 0.882629 0.882979 0.886525 0.886525 0.886525 0.879433 0.879433 0.879433 0.879433 0.879433 0.879433 0.763636 0.875887 0.875887 0.875887 0.875887 0.875887 0.875887 0.882979 0.882979 0.882979 0.882979 0.882979 0.882979 0.882979 0.886525 0.882979 0.882979 0.882979 0.882979 0.882979 0.882979 0.882979 0.882979 0.882979 0.882979 0.034483 0.068841 0.879433 0.011111 0.787770 0.879433 0.872340 0.890071 0.753676 0.796429 0.783582 0.560284 0.010870 0.560284 0.879433 0.879433 0.879433 0.879433 0.879433 0.879433 0.879433 0.879433 0.879433 0.879433 0.879433 0.879433 0.879433 0.879433 0.879433 0.879433 0.879433 0.879433 0.879433 0.879433 0.879433 0.879433 0.879433 0.879433 0.879433 0.879433 0.879433 0.879433 0.879433 0.879433 0.879433 0.879433 0.879433 0.879433 0.879433 0.882979 0.882979 0.789091 0.014440 0.563830 0.756554 0.000000 0.753788 0.000000
9lrd_R:R 0.894942 0.885870 0.890152 0.890152 0.901515 0.901515 0.891304 0.891304 0.885714 0.899408 0.885714 0.899408 0.891304 0.891304 0.889655 0.889655 0.881944 0.881944 0.881944 0.888889 0.894737 0.894118 0.892377 0.869565 0.874251 0.887324 0.901515 0.901515 0.901515 0.890152 0.882576 0.882576 0.882576 0.882576 0.882576 0.893939 0.026515 0.893939 0.890152 0.890152 0.890152 0.890152 0.890152 0.886364 0.886364 0.886364 0.886364 0.886364 0.886364 0.886364 0.875000 0.890152 0.890152 0.890152 0.886364 0.886364 0.886364 0.886364 0.886364 0.886364 0.886364 0.747126 0.753788 0.859848 0.761364 0.685606 0.893939 0.856061 0.863636 0.022727 0.685606 0.674242 0.723485 0.746212 0.723485 0.890152 0.890152 0.890152 0.890152 0.890152 0.890152 0.890152 0.890152 0.890152 0.890152 0.890152 0.890152 0.890152 0.890152 0.890152 0.878788 0.878788 0.878788 0.878788 0.878788 0.890152 0.890152 0.886364 0.890152 0.890152 0.890152 0.890152 0.890152 0.890152 0.890152 0.890152 0.890152 0.890152 0.890152 0.890152 0.890152 0.890152 0.689394 0.757576 0.727273 0.000000 0.753788 0.000000 0.753788
9lre_R:R 0.891051 0.880435 0.907801 0.907801 0.882979 0.882979 0.891304 0.891304 0.868571 0.869822 0.868571 0.869822 0.891304 0.891304 0.862069 0.862069 0.902778 0.902778 0.902778 0.868056 0.871345 0.870588 0.896861 0.885870 0.868263 0.882629 0.882979 0.886525 0.886525 0.886525 0.879433 0.879433 0.879433 0.879433 0.879433 0.879433 0.763636 0.875887 0.875887 0.875887 0.875887 0.875887 0.875887 0.882979 0.882979 0.882979 0.882979 0.882979 0.882979 0.882979 0.886525 0.882979 0.882979 0.882979 0.882979 0.882979 0.882979 0.882979 0.882979 0.882979 0.882979 0.034483 0.068841 0.879433 0.011111 0.787770 0.879433 0.872340 0.890071 0.753676 0.796429 0.783582 0.560284 0.010870 0.560284 0.879433 0.879433 0.879433 0.879433 0.879433 0.879433 0.879433 0.879433 0.879433 0.879433 0.879433 0.879433 0.879433 0.879433 0.879433 0.879433 0.879433 0.879433 0.879433 0.879433 0.879433 0.879433 0.879433 0.879433 0.879433 0.879433 0.879433 0.879433 0.879433 0.879433 0.879433 0.879433 0.879433 0.879433 0.879433 0.882979 0.882979 0.789091 0.014440 0.563830 0.756554 0.000000 0.753788 0.000000
